,Ensembl ID,HGNC symbol,DBD,Is TF?,TF assessment,Binding mode,Motif status,Final Notes,Final Comments,Interpro ID(s),EntrezGene ID,EntrezGene Description,PDB ID,TF tested by HT-SELEX?,TF tested by PBM?,Conditional Binding Requirements ,Original Comments,Vaquerizas 2009 classification,CisBP considers it a TF?,TFCat classification,Is a GO TF?,Initial assessment ,Curator 1,Curator 2,TFclass considers it a TF? ,Go Evidence,Pfam Domains (By ENSP ID),Is C2H2 ZF(KRAB)?
47,ENSG00000106546,AHR,bHLH,Yes,Known motif,Monomer or homomultimer,In vivo/Misc source,Only known motifs are from Transfac or HocoMoco - origin is uncertain,None,IPR000014;IPR001610;IPR011598;IPR013655;IPR013767;,196,aryl hydrocarbon receptor [Source:HGNC Symbol;Acc:HGNC:348],None,DBD and Full,Yes,"Obligate_Multimer, 4ZPR is structure of heterodime"," PMID:12213385, forms heterodimers with ARNT ",other,Yes,TF Gene_DNA-Binding: sequence-specific_DNA Binding_PMIDS:7592839,Yes,"1a1, Direct HQ evidence",Tim Hughes,Laura Campitelli,Yes,$#ENSG00000106546#GO:0003700#sequence-specific DNA binding transcription factor activity#IDA - PMID:11782478$#ENSG00000106546#GO:0004879#ligand-activated sequence-specific DNA binding RNA polymerase II transcription factor activity#IDA - PMID:10395741,"$#ENSP00000242057#ENSG00000106546#ENST00000242057#bHLH#PAS, PAS_11, PAS_3, PAS_4, PAS_9",False
48,ENSG00000063438,AHRR,bHLH,Yes,Inferred motif,Monomer or homomultimer,In vivo/Misc source,None,None,IPR000014;IPR011598;IPR013767;,57491,aryl-hydrocarbon receptor repressor [Source:HGNC Symbol;Acc:HGNC:346],None,DBD and Full,not tested,None,None,b,Yes,No,No,"4a, two or more datasets predict it as a TF",Arttu Jolma,Tim Hughes,Yes,None,"$#ENSP00000323816#ENSG00000063438#ENST00000316418#bHLH#PAS, PAS_4$#ENSP00000424601#ENSG00000063438#ENST00000505113#bHLH#PAS, PAS_4$#ENSP00000426932#ENSG00000063438#ENST00000506456#bHLH#$#ENSP00000429944#ENSG00000063438#ENST00000504625#bHLH#$#ENSP00000426076#ENSG00000063438#ENST00000511487#bHLH#",False
49,ENSG00000143437,ARNT,bHLH,Yes,Known motif,Monomer or homomultimer,100 perc ID - in vitro,None,None,IPR000014;IPR001067;IPR001610;IPR011598;IPR013767;,405,aryl hydrocarbon receptor nuclear translocator [Source:HGNC Symbol;Acc:HGNC:700],4ZPR,DBD and Full,Yes,"Obligate_Multimer, the structure4ZPR is a HIF1A-AR","Structure has HIF1A -  ARNT heterodimer; Heterodimerizes with ARNT, PMID:7539918, PubMed: 26245371 for the crystal structure",a,Yes,TF Gene_DNA-Binding: sequence-specific_DNA Binding_PMIDS:7592839,Yes,"1a1, Direct HQ evidence",Yimeng Yin,Jussi Taipale,Yes,"$#ENSG00000143437#GO:0003700#sequence-specific DNA binding transcription factor activity#TAS - PMID:10777486, PMID:1317062$#ENSG00000143437#GO:0003705#RNA polymerase II distal enhancer sequence-specific DNA binding transcription factor activity#IDA - PMID:7539918, PMID:8756616","$#ENSP00000346372#ENSG00000143437#ENST00000354396#bHLH#PAS, PAS_11, PAS_3, PAS_4, PAS_9$#ENSP00000351407#ENSG00000143437#ENST00000358595#bHLH#PAS, PAS_11, PAS_3, PAS_4, PAS_9$#ENSP00000423851#ENSG00000143437#ENST00000515192#bHLH#PAS, PAS_11, PAS_3, PAS_4, PAS_9$#ENSP00000427571#ENSG00000143437#ENST00000505755#bHLH#PAS, PAS_11, PAS_3, PAS_4, PAS_9",False
50,ENSG00000172379,ARNT2,bHLH,Yes,Known motif,Monomer or homomultimer,High-throughput in vitro,None,None,IPR000014;IPR001067;IPR001610;IPR011598;IPR013767;,100847042,aryl hydrocarbon receptor nuclear translocator 2 [Source:HGNC Symbol;Acc:HGNC:16876],None,DBD and Full,Yes,None,None,a,Yes,TF Gene_DNA-Binding: sequence-specific_DNA Binding; Transactivation_PMIDS:8657146,Yes,"1a1, Direct HQ evidence",Sam Lambert,Matt Weirauch,Yes,$#ENSG00000172379#GO:0000981#sequence-specific DNA binding RNA polymerase II transcription factor activity#IDA - PMID:24465693$#ENSG00000172379#GO:0001077#RNA polymerase II core promoter proximal region sequence-specific DNA binding transcription factor a#IEA - GO_REF:0000019$#ENSG00000172379#GO:0003700#sequence-specific DNA binding transcription factor activity#ISS - GO_REF:0000024,"$#ENSP00000307479#ENSG00000172379#ENST00000303329#bHLH#PAS, PAS_11, PAS_3, PAS_4, PAS_9$#ENSP00000453792#ENSG00000172379#ENST00000527771#bHLH#PAS, PAS_11, PAS_3, PAS_4, PAS_9$#ENSP00000479393#ENSG00000172379#ENST00000622346#bHLH#PAS, PAS_11, PAS_3, PAS_4, PAS_9$#ENSP00000452961#ENSG00000172379#ENST00000525103#bHLH#",False
51,ENSG00000133794,ARNTL,bHLH,Yes,Known motif,Monomer or homomultimer,High-throughput in vitro,None,None,IPR000014;IPR001067;IPR001610;IPR011598;IPR013767;,406,aryl hydrocarbon receptor nuclear translocator like [Source:HGNC Symbol;Acc:HGNC:701],4H10,DBD and Full,Yes,None,Structure is ARNTL-CLOCK heterodimer,a,Yes,TF Gene_DNA-Binding: sequence-specific_DNA Binding; TF PPI_PMIDS:9576906;9616112,Yes,"1a1, Direct HQ evidence",Yimeng Yin,Arttu Jolma,Yes,$#ENSG00000133794#GO:0000982#RNA polymerase II core promoter proximal region sequence-specific DNA binding transcription factor a#ISS - GO_REF:0000024,"$#ENSP00000374357#ENSG00000133794#ENST00000389707#bHLH#PAS, PAS_11, PAS_3, PAS_4, PAS_9$#ENSP00000385915#ENSG00000133794#ENST00000401424#bHLH#PAS, PAS_11, PAS_3, PAS_4, PAS_9$#ENSP00000384517#ENSG00000133794#ENST00000403290#bHLH#PAS, PAS_11, PAS_3, PAS_4, PAS_9$#ENSP00000385897#ENSG00000133794#ENST00000403482#bHLH#PAS, PAS_11, PAS_3, PAS_4, PAS_9$#ENSP00000385581#ENSG00000133794#ENST00000403510#bHLH#PAS, PAS_11, PAS_3, PAS_4, PAS_9$#ENSP00000436721#ENSG00000133794#ENST00000482049#bHLH#",False
52,ENSG00000029153,ARNTL2,bHLH,Yes,Inferred motif,Obligate heteromer,High-throughput in vitro,None,ARNTL2 Forms heterodimers with CLOCK and NPAS2 (PMID:10864977 ).,IPR000014;IPR001067;IPR011598;IPR013767,56938,aryl hydrocarbon receptor nuclear translocator like 2 [Source:HGNC Symbol;Acc:HGNC:18984],None,DBD and Full,Yes,None,PMID:10864977 ARNTL2 Forms heterodimers with CLOCK and NPAS2,a,Yes,No,Yes,"1a2, Orthologous HQ evidence",Arttu Jolma,Jussi Taipale,Yes,$#ENSG00000029153#GO:0000982#RNA polymerase II core promoter proximal region sequence-specific DNA binding transcription factor a#IDA - PMID:15147242$#ENSG00000029153#GO:0003700#sequence-specific DNA binding transcription factor activity#IDA - PMID:12055078 | NAS - PMID:11018023,"$#ENSP00000261178#ENSG00000029153#ENST00000261178#bHLH#PAS, PAS_11, PAS_3, PAS_4, PAS_9$#ENSP00000266503#ENSG00000029153#ENST00000266503#bHLH#PAS, PAS_11, PAS_3, PAS_4, PAS_9$#ENSP00000312247#ENSG00000029153#ENST00000311001#bHLH#PAS, PAS_11, PAS_3, PAS_4, PAS_9$#ENSP00000379238#ENSG00000029153#ENST00000395901#bHLH#PAS, PAS_11, PAS_3, PAS_4, PAS_9$#ENSP00000400185#ENSG00000029153#ENST00000457040#bHLH#PAS, PAS_11, PAS_3, PAS_4, PAS_9$#ENSP00000445836#ENSG00000029153#ENST00000542388#bHLH#PAS, PAS_11, PAS_2, PAS_3, PAS_4, PAS_9$#ENSP00000438545#ENSG00000029153#ENST00000546179#bHLH#PAS, PAS_11, PAS_2, PAS_3, PAS_4, PAS_9",False
53,ENSG00000139352,ASCL1,bHLH,Yes,Known motif,Monomer or homomultimer,High-throughput in vitro,None,None,IPR011598;,429,achaete-scute family bHLH transcription factor 1 [Source:HGNC Symbol;Acc:HGNC:738],None,DBD,Yes,None,"pmid:10903890, prefers heterodimerization with TCF3",a,Yes,TF Gene_Transcription Factor Binding: tf co-factor binding; DNA-Binding: sequence-specific_DNA Binding; TF PPI; Transactivation_PMIDS:8662987;8900141,Yes,"1a1, Direct HQ evidence",Pratyush Das,Sam Lambert,Yes,$#ENSG00000139352#GO:0001078#RNA polymerase II core promoter proximal region sequence-specific DNA binding transcription factor a#IDA - PMID:11736660$#ENSG00000139352#GO:0003700#sequence-specific DNA binding transcription factor activity#IDA - PMID:10903890,$#ENSP00000266744#ENSG00000139352#ENST00000266744#bHLH#,False
54,ENSG00000183734,ASCL2,bHLH,Yes,Known motif,Monomer or homomultimer,High-throughput in vitro,None,None,IPR011598;,430,achaete-scute family bHLH transcription factor 2 [Source:HGNC Symbol;Acc:HGNC:739],None,DBD and Full,Yes,None,None,a,Yes,No,Yes,"1a1, Direct HQ evidence",Yimeng Yin,Sam Lambert,Yes,$#ENSG00000183734#GO:0001078#RNA polymerase II core promoter proximal region sequence-specific DNA binding transcription factor a#IDA - PMID:14561729$#ENSG00000183734#GO:0003700#sequence-specific DNA binding transcription factor activity#NAS - PMID:8751384,$#ENSP00000332293#ENSG00000183734#ENST00000331289#bHLH#,False
55,ENSG00000176009,ASCL3,bHLH,Yes,Inferred motif,Obligate heteromer,High-throughput in vitro,None,ASCL1 heterodimerizes with TCF3; TCF4 and TCF12 (PMID: 24835951).,IPR011598;,56676,Achaete-scute family bHLH transcription factor 3 [Source:HGNC Symbol;Acc:HGNC:740] ,None,DBD,Yes,None,ASCL1 heterodimerizes with TCF3,a,Yes,No,No,"3a, decent circumstantial evidence for its role as",Arttu Jolma,Pratyush Das,Yes,$#ENSG00000176009#GO:0001227#RNA polymerase II transcription regulatory region sequence-specific DNA binding transcription factor#IEA - GO_REF:0000019$#ENSG00000176009#GO:0003700#sequence-specific DNA binding transcription factor activity#IBA - GO_REF:0000033,$#ENSP00000435770#ENSG00000176009#ENST00000531618#bHLH#,False
56,ENSG00000187855,ASCL4,bHLH,Yes,Inferred motif,Monomer or homomultimer,High-throughput in vitro,None,Probably heterodimerizes with TCF3; TCF4 or TCF12 like the other ASCL TFs,IPR011598;,121549,Achaete-scute family bHLH transcription factor 4 [Source:HGNC Symbol;Acc:HGNC:24311],None,DBD and Full,not tested,None,ASCL1 heterodimerizes with TCF3,a,Yes,No,No,"3a, decent circumstantial evidence for its role as",Arttu Jolma,Sam Lambert,Yes,$#ENSG00000187855#GO:0003700#sequence-specific DNA binding transcription factor activity#IBA - GO_REF:0000033,$#ENSP00000345420#ENSG00000187855#ENST00000342331#bHLH#,False
57,ENSG00000232237,ASCL5,bHLH,Yes,Inferred motif,Monomer or homomultimer,High-throughput in vitro,None,Probably heterodimerizes with TCF3; TCF4 or TCF12 like the other ASCL TFs,IPR011598,647219,Achaete-scute family bHLH transcription factor 5 [Source:HGNC Symbol;Acc:HGNC:33169],None,not tested,not tested,None,ASCL1 heterodimerizes with TCF3,No,Yes,No,Yes,"3a, decent circumstantial evidence for its role as",Jussi Taipale,Yimeng Yin,Yes,$#ENSG00000232237#GO:0003700#sequence-specific DNA binding transcription factor activity#IBA - GO_REF:0000033,$#ENSP00000472681#ENSG00000232237#ENST00000449188#bHLH#$#ENSP00000469019#ENSG00000232237#ENST00000458416#bHLH#,False
58,ENSG00000172238,ATOH1,bHLH,Yes,Known motif,Monomer or homomultimer,High-throughput in vitro,None,None,IPR011598;,474,atonal bHLH transcription factor 1 [Source:HGNC Symbol;Acc:HGNC:797],None,DBD and Full,Yes,None,None,a,Yes,TF Gene_DNA-Binding: sequence-specific_Co-activation_PMIDS:14757642,Yes,"1a1, Direct HQ evidence",Matt Weirauch,Jussi Taipale,Yes,$#ENSG00000172238#GO:0001077#RNA polymerase II core promoter proximal region sequence-specific DNA binding transcription factor a#IEA - GO_REF:0000019$#ENSG00000172238#GO:0003700#sequence-specific DNA binding transcription factor activity#TAS - PMID:8872459,$#ENSP00000302216#ENSG00000172238#ENST00000306011#bHLH#,False
59,ENSG00000179774,ATOH7,bHLH,Yes,Known motif,Monomer or homomultimer,High-throughput in vitro,None,None,IPR011598;,220202,atonal bHLH transcription factor 7 [Source:HGNC Symbol;Acc:HGNC:13907],None,DBD and Full,Yes,None,None,a,Yes,TF Gene Candidate__Transactivation_PMIDS:7721778;15882586;17653051,No,"1a1, Direct HQ evidence",Laura Campitelli,Yimeng Yin,Yes,None,$#ENSP00000362777#ENSG00000179774#ENST00000373673#bHLH#,False
60,ENSG00000168874,ATOH8,bHLH,Yes,Inferred motif,Monomer or homomultimer,High-throughput in vitro,None,None,IPR011598;,84913,atonal bHLH transcription factor 8 [Source:HGNC Symbol;Acc:HGNC:24126],None,DBD,Yes,None,ATOH8 Is thought to make a heterodimer with TCF3,c,Yes,TF Gene Candidate_DNA-Binding: sequence-specific_Other_PMIDS:11733035;12419857,Yes,"1a2, Orthologous HQ evidence",Laura Campitelli,Jussi Taipale,Yes,$#ENSG00000168874#GO:0003700#sequence-specific DNA binding transcription factor activity#IDA - PMID:24236640,$#ENSP00000304676#ENSG00000168874#ENST00000306279#bHLH#,False
61,ENSG00000180535,BHLHA15,bHLH,Yes,Known motif,Monomer or homomultimer,High-throughput in vitro,None,None,IPR011598;,168620,basic helix-loop-helix family member a15 [Source:HGNC Symbol;Acc:HGNC:22265],None,DBD and Full,Yes,None,None,a,Yes,No,No,"1a1, Direct HQ evidence",Arttu Jolma,Jussi Taipale,Yes,$#ENSG00000180535#GO:0001228#RNA polymerase II transcription regulatory region sequence-specific DNA binding transcription factor#IEA - GO_REF:0000019,$#ENSP00000476312#ENSG00000180535#ENST00000609256#bHLH#$#ENSP00000326391#ENSG00000180535#ENST00000314018#bHLH#,False
62,ENSG00000205899,BHLHA9,bHLH,Yes,Likely to be sequence specific TF,Obligate heteromer,No motif,None,Protein heterodimerizes with TCF3; TCF4 and TCF12 (PMID: 25466284).,IPR011598;,727857,basic helix-loop-helix family member a9 [Source:HGNC Symbol;Acc:HGNC:35126],None,DBD,not tested,None,None,c,Yes,No,No,"4a, two or more datasets predict it as a TF",Pratyush Das,Arttu Jolma,Yes,None,$#ENSP00000375248#ENSG00000205899#ENST00000391429#bHLH#,False
63,ENSG00000180828,BHLHE22,bHLH,Yes,Known motif,Monomer or homomultimer,High-throughput in vitro,None,None,IPR011598;,27319,basic helix-loop-helix family member e22 [Source:HGNC Symbol;Acc:HGNC:11963],None,DBD,Yes,None,Vaquerizas dataset used old symbol BHLHB5,a,Yes,No,Yes,"1a1, Direct HQ evidence",Yimeng Yin,Arttu Jolma,Yes,$#ENSG00000180828#GO:0000981#sequence-specific DNA binding RNA polymerase II transcription factor activity#IEA - GO_REF:0000002,$#ENSP00000318799#ENSG00000180828#ENST00000321870#bHLH#,False
64,ENSG00000125533,BHLHE23,bHLH,Yes,Known motif,Monomer or homomultimer,High-throughput in vitro,None,None,IPR011598;,128408,basic helix-loop-helix family member e23 [Source:HGNC Symbol;Acc:HGNC:16093],None,DBD and Full,Yes,None,"Vaquerizas dataset used old symbol BHLHB4; pmid:15363390, protein is required for rod cell maturation",a,Yes,No,No,"1a1, Direct HQ evidence",Sam Lambert,Pratyush Das,Yes,None,$#ENSP00000359371#ENSG00000125533#ENST00000370346#bHLH#$#ENSP00000480998#ENSG00000125533#ENST00000612929#bHLH#,False
65,ENSG00000134107,BHLHE40,bHLH,Yes,Known motif,Monomer or homomultimer,High-throughput in vitro,None,None,IPR003650;IPR011598,8553,basic helix-loop-helix family member e40 [Source:HGNC Symbol;Acc:HGNC:1046],None,DBD and Full,Yes,None,Cell2013 has old symbol BHLHB2,a,Yes,TF Gene_Transcription Factor Binding: tf co-factor binding; DNA-Binding: sequence-specific_DNA Binding_PMIDS:12297495;12397359,Yes,"1a1, Direct HQ evidence",Jussi Taipale,Sam Lambert,Yes,"$#ENSG00000134107#GO:0000981#sequence-specific DNA binding RNA polymerase II transcription factor activity#IDA - PMID:12397359$#ENSG00000134107#GO:0001078#RNA polymerase II core promoter proximal region sequence-specific DNA binding transcription factor a#IDA - PMID:12624110, PMID:15193144, PMID:18411297$#ENSG00000134107#GO:0003700#sequence-specific DNA binding transcription factor activity#NAS - PMID:9240428$#ENSG00000134107#GO:0003705#RNA polymerase II distal enhancer sequence-specific DNA binding transcription factor activity#ISS - GO_REF:0000024$#ENSG00000134107#GO:0043433#negative regulation of sequence-specific DNA binding transcription factor activity#IDA - PMID:18411297",$#ENSP00000256495#ENSG00000134107#ENST00000256495#bHLH#Hairy_orange,False
66,ENSG00000123095,BHLHE41,bHLH,Yes,Known motif,Monomer or homomultimer,High-throughput in vitro,None,None,IPR003650;IPR011598,79365,basic helix-loop-helix family member e41 [Source:HGNC Symbol;Acc:HGNC:16617],None,DBD and Full,Yes,None,Cell2013 has old symbol BHLHB3,b,Yes,TF Gene_DNA-Binding: sequence-specific; Transcription Factor Binding: tf co-factor binding_DNA Binding; Other_PMIDS:12657651;15448136,Yes,"1a1, Direct HQ evidence",Tim Hughes,Yimeng Yin,Yes,$#ENSG00000123095#GO:0001078#RNA polymerase II core promoter proximal region sequence-specific DNA binding transcription factor a#ISS - GO_REF:0000024$#ENSG00000123095#GO:0003705#RNA polymerase II distal enhancer sequence-specific DNA binding transcription factor activity#ISS - GO_REF:0000024,$#ENSP00000242728#ENSG00000123095#ENST00000242728#bHLH#Hairy_orange,False
67,ENSG00000250709,CCDC169-SOHLH2,bHLH,Yes,Known motif,Monomer or homomultimer,100 perc ID - in vitro,None,None,IPR011598;IPR028022,100526761,CCDC169-SOHLH2 readthrough [Source:HGNC Symbol;Acc:HGNC:38866],None,not tested,not tested,None,None,No,Yes,No,No,"1a2, Orthologous HQ evidence",Arttu Jolma,Pratyush Das,No,None,$#ENSP00000421868#ENSG00000250709#ENST00000511166#bHLH#DUF4600,False
68,ENSG00000134852,CLOCK,bHLH,Yes,Known motif,Monomer or homomultimer,High-throughput in vitro,None,Can also bind as heterodimer with ARNTL.,IPR000014;IPR001067;IPR001610;IPR011598;IPR013767;,9575,clock circadian regulator [Source:HGNC Symbol;Acc:HGNC:2082],4H10,DBD and Full,Yes,None,Structure is ARNTL-CLOCK heterodimer,a,Yes,TF Gene_DNA-Binding: sequence-specific_DNA Binding_PMIDS:9616112;15147242;15500444,Yes,"1a1, Direct HQ evidence",Arttu Jolma,Laura Campitelli,Yes,$#ENSG00000134852#GO:0000982#RNA polymerase II core promoter proximal region sequence-specific DNA binding transcription factor a#ISS - GO_REF:0000024$#ENSG00000134852#GO:0003700#sequence-specific DNA binding transcription factor activity#ISS - GO_REF:0000024$#ENSG00000134852#GO:0051092#positive regulation of NF-kappaB transcription factor activity#ISS - GO_REF:0000024,"$#ENSP00000308741#ENSG00000134852#ENST00000309964#bHLH#PAS, PAS_11, PAS_3, PAS_9$#ENSP00000370723#ENSG00000134852#ENST00000381322#bHLH#PAS, PAS_11, PAS_3, PAS_9$#ENSP00000426983#ENSG00000134852#ENST00000513440#bHLH#PAS, PAS_11, PAS_3, PAS_9$#ENSP00000396649#ENSG00000134852#ENST00000435527#bHLH#PAS, PAS_9",False
69,ENSG00000116016,EPAS1,bHLH,Yes,Known motif,Monomer or homomultimer,In vivo/Misc source,Only known motifs are from Transfac or HocoMoco - origin is uncertain,None,IPR000014;IPR001067;IPR001610;IPR011598;IPR013767;IPR014887;IPR021537;,2034,endothelial PAS domain protein 1 [Source:HGNC Symbol;Acc:HGNC:3374],4ZPK,DBD and Full,Yes,Obligate_Multimer,"4ZPK is EPAS1 -  ARNT heterodimer; Heterodimerizes with ARNT, PMID: 26245371 for the crystal structure; ",a,Yes,TF Gene_Transcription Factor Binding: tf co-factor binding; DNA-Binding: sequence-specific_Co-activation; DNA Binding_PMIDS:15190133,Yes,"1a1, Direct HQ evidence",Tim Hughes,Sam Lambert,Yes,$#ENSG00000116016#GO:0000981#sequence-specific DNA binding RNA polymerase II transcription factor activity#IBA - GO_REF:0000033$#ENSG00000116016#GO:0001077#RNA polymerase II core promoter proximal region sequence-specific DNA binding transcription factor a#IEA - GO_REF:0000019,"$#ENSP00000263734#ENSG00000116016#ENST00000263734#bHLH#HIF-1, HIF-1a_CTAD, PAS, PAS_11, PAS_3, PAS_4, PAS$#ENSP00000406137#ENSG00000116016#ENST00000449347#bHLH#PAS, PAS_11, PAS_3, PAS_4, PAS_9",False
70,ENSG00000146618,FERD3L,bHLH,Yes,Known motif,Monomer or homomultimer,High-throughput in vitro,None,None,IPR011598;,222894,Fer3-like bHLH transcription factor [Source:HGNC Symbol;Acc:HGNC:16660],None,DBD and Full,Yes,None,None,c,Yes,No,No,"1a1, Direct HQ evidence",Laura Campitelli,Arttu Jolma,Yes,$#ENSG00000146618#GO:0001227#RNA polymerase II transcription regulatory region sequence-specific DNA binding transcription factor#IEA - GO_REF:0000019,$#ENSP00000275461#ENSG00000146618#ENST00000275461#bHLH#,False
71,ENSG00000183733,FIGLA,bHLH,Yes,Known motif,Monomer or homomultimer,High-throughput in vitro,None,None,IPR011598;,344018,folliculogenesis specific bHLH transcription factor [Source:HGNC Symbol;Acc:HGNC:24669],None,DBD,Yes,None,None,a,Yes,TF Gene_DNA-Binding: sequence-specific_DNA Binding; Transactivation_PMIDS:9362457;15044608,No,"1a1, Direct HQ evidence",Arttu Jolma,Pratyush Das,Yes,$#ENSG00000183733#GO:0001077#RNA polymerase II core promoter proximal region sequence-specific DNA binding transcription factor a#IEA - GO_REF:0000019,$#ENSP00000333097#ENSG00000183733#ENST00000332372#bHLH#,False
72,ENSG00000113196,HAND1,bHLH,Yes,Known motif,Obligate heteromer,In vivo/Misc source,Only known motifs are from Transfac or HocoMoco - origin is uncertain,Obligate heteromer (PMID: 10611232).,IPR011598;,9421,heart and neural crest derivatives expressed 1 [Source:HGNC Symbol;Acc:HGNC:4807],None,DBD and Full,Yes,None,None,a,Yes,TF Gene_DNA-Binding: sequence-specific_DNA Binding_PMIDS:7791788;11802795;16043483;7671815;15509787;16043483;10611232;16043483,Yes,"2a1, Lower confidence direct evidence",Jussi Taipale,Pratyush Das,Yes,$#ENSG00000113196#GO:0001078#RNA polymerase II core promoter proximal region sequence-specific DNA binding transcription factor a#IDA - PMID:11802795$#ENSG00000113196#GO:0043433#negative regulation of sequence-specific DNA binding transcription factor activity#IDA - PMID:11802795,$#ENSP00000231121#ENSG00000113196#ENST00000231121#bHLH#,False
73,ENSG00000164107,HAND2,bHLH,Yes,Known motif,Monomer or homomultimer,High-throughput in vitro,None,None,IPR011598;,9464,heart and neural crest derivatives expressed 2 [Source:HGNC Symbol;Acc:HGNC:4808],None,DBD and Full,Yes,None,None,a,Yes,TF Gene_Transcription Factor Binding: tf co-factor binding; DNA-Binding: sequence-specific_TF PPI; Transactivation_PMIDS:11812799;12392994,Yes,"1a1, Direct HQ evidence",Sam Lambert,Pratyush Das,Yes,$#ENSG00000164107#GO:0001077#RNA polymerase II core promoter proximal region sequence-specific DNA binding transcription factor a#IDA - PMID:15486975$#ENSG00000164107#GO:0043433#negative regulation of sequence-specific DNA binding transcription factor activity#IEA - GO_REF:0000019,$#ENSP00000352565#ENSG00000164107#ENST00000359562#bHLH#$#ENSP00000477638#ENSG00000164107#ENST00000621866#bHLH#,False
74,ENSG00000187821,HELT,bHLH,Yes,Inferred motif,Monomer or homomultimer,High-throughput in vitro,None,"Can form homodimers or heterodimers with HEY2 and HES5, suggesting also that the HELT homodimer is dependent of a additional Orange domain while the HEY2 heterodimer requires just the DBD (PMID: 14764602).",IPR003650;IPR011598,391723,helt bHLH transcription factor [Source:HGNC Symbol;Acc:HGNC:33783],None,DBD,Yes,None,"PMID: 14764602 shows that it can form homodimers or heterodimers with HEY2 and HES5, suggesting also that the homodimer or heterodimer is dependent of a additional Orange domain while the HEY2 heterodimer requires just the DBD",c,Yes,TF Gene_DNA-Binding: sequence-specific_DNA Binding; Transactivation_PMIDS:14764602;15071116,Yes,"3a, decent circumstantial evidence for its role as",Arttu Jolma,Pratyush Das,Yes,$#ENSG00000187821#GO:0001078#RNA polymerase II core promoter proximal region sequence-specific DNA binding transcription factor a#IEA - GO_REF:0000019,$#ENSP00000422140#ENSG00000187821#ENST00000505610#bHLH#Hairy_orange$#ENSP00000426033#ENSG00000187821#ENST00000515777#bHLH#Hairy_orange$#ENSP00000343464#ENSG00000187821#ENST00000338875#bHLH#Hairy_orange,False
75,ENSG00000114315,HES1,bHLH,Yes,Known motif,Monomer or homomultimer,High-throughput in vitro,None,None,IPR003650;IPR011598,3280,hes family bHLH transcription factor 1 [Source:HGNC Symbol;Acc:HGNC:5192],None,DBD,Yes,None,None,a,Yes,No,Yes,"1a1, Direct HQ evidence",Matt Weirauch,Pratyush Das,Yes,$#ENSG00000114315#GO:0001078#RNA polymerase II core promoter proximal region sequence-specific DNA binding transcription factor a#ISS - GO_REF:0000024$#ENSG00000114315#GO:0003700#sequence-specific DNA binding transcription factor activity#IDA - PMID:17681138,$#ENSP00000232424#ENSG00000114315#ENST00000232424#bHLH#Hairy_orange,False
76,ENSG00000069812,HES2,bHLH,Yes,Known motif,Monomer or homomultimer,High-throughput in vitro,None,None,IPR003650;IPR011598,54626,hes family bHLH transcription factor 2 [Source:HGNC Symbol;Acc:HGNC:16005],None,DBD and Full,Yes,None,None,a,Yes,TF Gene_DNA-Binding: sequence-specific_DNA Binding_PMIDS:8354270,No,"1a1, Direct HQ evidence",Sam Lambert,Pratyush Das,Yes,None,$#ENSP00000367065#ENSG00000069812#ENST00000377834#bHLH#Hairy_orange$#ENSP00000367068#ENSG00000069812#ENST00000377837#bHLH#$#ENSP00000367067#ENSG00000069812#ENST00000377836#bHLH#$#ENSP00000465270#ENSG00000069812#ENST00000489730#bHLH#$#ENSP00000465248#ENSG00000069812#ENST00000487437#bHLH#,False
77,ENSG00000173673,HES3,bHLH,Yes,Inferred motif,Monomer or homomultimer,High-throughput in vitro,None,None,IPR011598;,390992,hes family bHLH transcription factor 3 [Source:HGNC Symbol;Acc:HGNC:26226],None,DBD,Yes,None,None,c,Yes,TF Gene_DNA-Binding: sequence-specific_DNA Binding; Transactivation_PMIDS:10858455,No,"4a, two or more datasets predict it as a TF",Sam Lambert,Laura Campitelli,Yes,None,$#ENSP00000367130#ENSG00000173673#ENST00000377898#bHLH#,False
78,ENSG00000188290,HES4,bHLH,Yes,Inferred motif,Monomer or homomultimer,High-throughput in vitro,None,None,IPR003650;IPR011598,57801,hes family bHLH transcription factor 4 [Source:HGNC Symbol;Acc:HGNC:24149],None,DBD,not tested,None,None,b,Yes,No,No,"1a2, Orthologous HQ evidence",Sam Lambert,Pratyush Das,Yes,None,$#ENSP00000304595#ENSG00000188290#ENST00000304952#bHLH#Hairy_orange$#ENSP00000393198#ENSG00000188290#ENST00000428771#bHLH#Hairy_orange$#ENSP00000425085#ENSG00000188290#ENST00000484667#bHLH#Hairy_orange,False
79,ENSG00000197921,HES5,bHLH,Yes,Known motif,Monomer or homomultimer,High-throughput in vitro,None,None,IPR003650;IPR011598,388585,hes family bHLH transcription factor 5 [Source:HGNC Symbol;Acc:HGNC:19764],None,DBD and Full,Yes,None,None,b,Yes,TF Gene_DNA-Binding: sequence-specific_TF PPI_PMIDS:15156153,Yes,"1a1, Direct HQ evidence",Yimeng Yin,Arttu Jolma,Yes,$#ENSG00000197921#GO:0001078#RNA polymerase II core promoter proximal region sequence-specific DNA binding transcription factor a#ISS - GO_REF:0000024,$#ENSP00000367714#ENSG00000197921#ENST00000378453#bHLH#Hairy_orange,False
80,ENSG00000144485,HES6,bHLH,Yes,Known motif,Monomer or homomultimer,High-throughput in vitro,None,None,IPR003650;IPR011598,55502,hes family bHLH transcription factor 6 [Source:HGNC Symbol;Acc:HGNC:18254],None,DBD and Full,Yes,None,None,x,Yes,TF Gene Candidate_Transcription Factor Binding: tf co-factor binding_TF PPI_PMIDS:10851137;10976052,Yes,"1a1, Direct HQ evidence",Arttu Jolma,Pratyush Das,Yes,$#ENSG00000144485#GO:0001227#RNA polymerase II transcription regulatory region sequence-specific DNA binding transcription factor#IEA - GO_REF:0000019$#ENSG00000144485#GO:0003700#sequence-specific DNA binding transcription factor activity#TAS - PMID:10851137,$#ENSP00000272937#ENSG00000144485#ENST00000272937#bHLH#Hairy_orange$#ENSP00000387155#ENSG00000144485#ENST00000409002#bHLH#Hairy_orange$#ENSP00000387215#ENSG00000144485#ENST00000409160#bHLH#$#ENSP00000387343#ENSG00000144485#ENST00000409182#bHLH#Hairy_orange$#ENSP00000387107#ENSG00000144485#ENST00000409356#bHLH#$#ENSP00000387008#ENSG00000144485#ENST00000409574#bHLH#$#ENSP00000401797#ENSG00000144485#ENST00000417803#bHLH#$#ENSP00000392596#ENSG00000144485#ENST00000436051#bHLH#$#ENSP00000390870#ENSG00000144485#ENST00000450098#bHLH#,False
81,ENSG00000179111,HES7,bHLH,Yes,Known motif,Monomer or homomultimer,High-throughput in vitro,None,Also forms heterodimers.,IPR003650;IPR011598,84667,hes family bHLH transcription factor 7 [Source:HGNC Symbol;Acc:HGNC:15977],None,DBD,Yes,None,None,a,Yes,TF Gene Candidate__Other_PMIDS:11260262;12783854,No,"1a1, Direct HQ evidence",Yimeng Yin,Pratyush Das,Yes,None,$#ENSP00000314774#ENSG00000179111#ENST00000317814#bHLH#$#ENSP00000446205#ENSG00000179111#ENST00000541682#bHLH#$#ENSP00000462491#ENSG00000179111#ENST00000577735#bHLH#,False
82,ENSG00000164683,HEY1,bHLH,Yes,Known motif,Monomer or homomultimer,High-throughput in vitro,None,None,IPR003650;IPR011598,23462,hes related family bHLH transcription factor with YRPW motif 1 [Source:HGNC Symbol;Acc:HGNC:4880],None,DBD and Full,Yes,None,None,a,Yes,TF Gene Candidate_Transcription Factor Binding: tf co-factor binding_Transactivation_PMIDS:16199874,Yes,"1a1, Direct HQ evidence",Laura Campitelli,Pratyush Das,Yes,$#ENSG00000164683#GO:0000983#RNA polymerase II core promoter sequence-specific DNA binding transcription factor activity#ISS - GO_REF:0000024$#ENSG00000164683#GO:0003700#sequence-specific DNA binding transcription factor activity#IDA - PMID:15485867,$#ENSP00000338272#ENSG00000164683#ENST00000337919#bHLH#Hairy_orange$#ENSP00000346761#ENSG00000164683#ENST00000354724#bHLH#Hairy_orange$#ENSP00000429792#ENSG00000164683#ENST00000523976#bHLH#Hairy_orange$#ENSP00000429705#ENSG00000164683#ENST00000518733#bHLH#Hairy_orange,False
83,ENSG00000135547,HEY2,bHLH,Yes,Known motif,Monomer or homomultimer,High-throughput in vitro,None,None,IPR003650;IPR011598,23493,hes related family bHLH transcription factor with YRPW motif 2 [Source:HGNC Symbol;Acc:HGNC:4881],None,DBD and Full,Yes,None,Can also form heterodimer with HELT,a,Yes,No,Yes,"1a1, Direct HQ evidence",Tim Hughes,Yimeng Yin,Yes,$#ENSG00000135547#GO:0000983#RNA polymerase II core promoter sequence-specific DNA binding transcription factor activity#ISS - GO_REF:0000024$#ENSG00000135547#GO:0003700#sequence-specific DNA binding transcription factor activity#IDA - PMID:15485867,$#ENSP00000357348#ENSG00000135547#ENST00000368364#bHLH#Hairy_orange$#ENSP00000357349#ENSG00000135547#ENST00000368365#bHLH#Hairy_orange,False
84,ENSG00000163909,HEYL,bHLH,Yes,Inferred motif,Monomer or homomultimer,High-throughput in vitro,None,None,IPR003650;IPR011598,26508,hes related family bHLH transcription factor with YRPW motif-like [Source:HGNC Symbol;Acc:HGNC:4882],None,DBD and Full,not tested,None,None,a,Yes,No,Yes,"1a2, Orthologous HQ evidence",Jussi Taipale,Yimeng Yin,Yes,$#ENSG00000163909#GO:0000983#RNA polymerase II core promoter sequence-specific DNA binding transcription factor activity#ISS - GO_REF:0000024$#ENSG00000163909#GO:0001077#RNA polymerase II core promoter proximal region sequence-specific DNA binding transcription factor a#IEA - GO_REF:0000019$#ENSG00000163909#GO:0003700#sequence-specific DNA binding transcription factor activity#IDA - PMID:15485867$#ENSG00000163909#GO:2000824#negative regulation of androgen receptor activity#IDA - PMID:21454491,$#ENSP00000361943#ENSG00000163909#ENST00000372852#bHLH#Hairy_orange,False
85,ENSG00000100644,HIF1A,bHLH,Yes,Known motif,Obligate heteromer,In vivo/Misc source,Only known motifs are from Transfac or HocoMoco - origin is uncertain,Binds as obligate heteromer with ARNT (PMID: 9027737).,IPR000014;IPR001321;IPR001610;IPR011598;IPR013767;IPR014887;IPR021537;,3091,hypoxia inducible factor 1 alpha subunit [Source:HGNC Symbol;Acc:HGNC:4910],4ZPR,DBD and Full,Yes,Obligate_Multimer,"4ZPR is structure of HIF1A - ARNT heterodimer;Heterodimerizes with ARNT, PMID:7539918, PubMed: 26245371 for the crystal structure",a,Yes,TF Gene_DNA-Binding: sequence-specific_Transactivation_PMIDS:12133832;15111179;15906272,Yes,"1a1, Direct HQ evidence",Yimeng Yin,Matt Weirauch,Yes,"$#ENSG00000100644#GO:0001077#RNA polymerase II core promoter proximal region sequence-specific DNA binding transcription factor a#IEA - GO_REF:0000019$#ENSG00000100644#GO:0001228#RNA polymerase II transcription regulatory region sequence-specific DNA binding transcription factor#IMP - PMID:24983504$#ENSG00000100644#GO:0003700#sequence-specific DNA binding transcription factor activity#IDA - PMID:11782478, PMID:18658046 | TAS - PMID:15$#ENSG00000100644#GO:0003705#RNA polymerase II distal enhancer sequence-specific DNA binding transcription factor activity#IDA - PMID:7539918, PMID:8387214, PMID:8756616, PM","$#ENSP00000323326#ENSG00000100644#ENST00000323441#bHLH#HIF-1, PAS, PAS_11, PAS_3, PAS_4, PAS_9$#ENSP00000338018#ENSG00000100644#ENST00000337138#bHLH#HIF-1, HIF-1a_CTAD, PAS, PAS_11, PAS_3, PAS_4, PAS$#ENSP00000378446#ENSG00000100644#ENST00000394997#bHLH#HIF-1, HIF-1a_CTAD, PAS, PAS_11, PAS_3, PAS_4, PAS$#ENSP00000437955#ENSG00000100644#ENST00000539097#bHLH#HIF-1, HIF-1a_CTAD, PAS, PAS_11, PAS_3, PAS_4, PAS$#ENSP00000451696#ENSG00000100644#ENST00000557538#bHLH#HIF-1, HIF-1a_CTAD, PAS, PAS_11, PAS_3, PAS_4, PAS",False
86,ENSG00000124440,HIF3A,bHLH,Yes,Inferred motif,Obligate heteromer,In vivo/Misc source,None,Binds DNA as a heterodimer with ARNT and ARNT2; reviewed in (PMID: 24099156).,IPR000014;IPR001610;IPR011598;IPR013767;IPR021537;,64344,hypoxia inducible factor 3 alpha subunit [Source:HGNC Symbol;Acc:HGNC:15825],None,DBD,Yes,None,None,a,Yes,No,Yes,"2a1, Lower confidence direct evidence",Arttu Jolma,Pratyush Das,Yes,$#ENSG00000124440#GO:0000981#sequence-specific DNA binding RNA polymerase II transcription factor activity#IBA - GO_REF:0000033,"$#ENSP00000300862#ENSG00000124440#ENST00000300862#bHLH#HIF-1, PAS, PAS_11, PAS_3, PAS_4, PAS_9$#ENSP00000366898#ENSG00000124440#ENST00000377670#bHLH#HIF-1, PAS, PAS_11, PAS_3, PAS_4, PAS_9$#ENSP00000244303#ENSG00000124440#ENST00000244303#bHLH#HIF-1, PAS, PAS_11, PAS_3, PAS_4, PAS_9$#ENSP00000434653#ENSG00000124440#ENST00000472815#bHLH#PAS, PAS_11, PAS_3, PAS_4, PAS_9$#ENSP00000471560#ENSG00000124440#ENST00000600383#bHLH#HIF-1, PAS, PAS_11, PAS_3, PAS_4, PAS_9",False
87,ENSG00000125968,ID1,bHLH,No,Unlikely to be sequence specific TF,Not a DNA binding protein,No motif,None,ID bHLH proteins lack the basic region and should not be able to bind DNA. The HT-SELEX motif for ID4 is likely by a co-precipitated protein or it is a contamination,IPR011598;,3397,"inhibitor of DNA binding 1, HLH protein [Source:HGNC Symbol;Acc:HGNC:5360]",None,DBD and Full,Yes,None,ID-proteins seems to lack the ability to bind DNA and presumably works as an inhibitor that sequesters TCF3 and other bHLH factors,a,Yes,TF Gene Candidate_Transcription Factor Binding: tf co-factor binding_Other_PMIDS:2156629;11234019,Yes,"1a2, Orthologous HQ evidence",Yimeng Yin,Laura Campitelli,Yes,$#ENSG00000125968#GO:0003700#sequence-specific DNA binding transcription factor activity#IEA - GO_REF:0000019$#ENSG00000125968#GO:0043433#negative regulation of sequence-specific DNA binding transcription factor activity#IDA - PMID:15138269,$#ENSP00000365280#ENSG00000125968#ENST00000376112#bHLH#$#ENSP00000365273#ENSG00000125968#ENST00000376105#bHLH#,False
88,ENSG00000115738,ID2,bHLH,No,Unlikely to be sequence specific TF,Not a DNA binding protein,No motif,None,ID bHLH proteins lack the basic region and should not be able to bind DNA. The HT-SELEX motif for ID4 is likely by a co-precipitated protein or it is a contamination,IPR011598;,3398,"inhibitor of DNA binding 2, HLH protein [Source:HGNC Symbol;Acc:HGNC:5361]",None,DBD and Full,Yes,None,None,a,Yes,TF Gene Candidate__DNA Binding_PMIDS:1922066;7565756,Yes,"1a1, Direct HQ evidence",Yimeng Yin,Sam Lambert,Yes,$#ENSG00000115738#GO:0043433#negative regulation of sequence-specific DNA binding transcription factor activity#IDA - PMID:14627819,$#ENSP00000385465#ENSG00000115738#ENST00000331129#bHLH#$#ENSP00000379585#ENSG00000115738#ENST00000396290#bHLH#$#ENSP00000234091#ENSG00000115738#ENST00000234091#bHLH#,False
89,ENSG00000117318,ID3,bHLH,No,Unlikely to be sequence specific TF,Not a DNA binding protein,No motif,None,ID bHLH proteins lack the basic region and should not be able to bind DNA. The HT-SELEX motif for ID4 is likely by a co-precipitated protein or it is a contamination,IPR011598;,3399,"inhibitor of DNA binding 3, HLH protein [Source:HGNC Symbol;Acc:HGNC:5362]",None,DBD and Full,Yes,None,ID-proteins seems to lack the ability to bind DNA and presumably works as an inhibitor that sequesters TCF3 and other bHLH factors,a,Yes,TF Gene Candidate_Transcription Factor Binding: tf co-factor binding_Other_PMIDS:15016815,Yes,"1a2, Orthologous HQ evidence",Arttu Jolma,Pratyush Das,Yes,$#ENSG00000117318#GO:0003700#sequence-specific DNA binding transcription factor activity#IEA - GO_REF:0000019$#ENSG00000117318#GO:0043433#negative regulation of sequence-specific DNA binding transcription factor activity#IDA - PMID:14627819,$#ENSP00000363689#ENSG00000117318#ENST00000374561#bHLH#,False
90,ENSG00000172201,ID4,bHLH,No,Unlikely to be sequence specific TF,Not a DNA binding protein,No motif,None,ID bHLH proteins lack the basic region and should not be able to bind DNA. The HT-SELEX motif for ID4 is likely by a co-precipitated protein or it is a contamination,IPR011598;,3400,"inhibitor of DNA binding 4, HLH protein [Source:HGNC Symbol;Acc:HGNC:5363]",None,DBD and Full,Yes,None,"Cell paper data is probably contamination, these should be transcriptional inhibitors that sequester bHLH proteins by making heterodimers that wont bind DNA. Possibly a contaminated HT-SELEX-experiment or reflect binding specificity of a binding part",c,Yes,TF Gene Candidate__Transactivation_PMIDS:7665172;8139914,No,"3a, decent circumstantial evidence for its role as",Sam Lambert,Pratyush Das,Yes,None,$#ENSP00000367972#ENSG00000172201#ENST00000378700#bHLH#,False
91,ENSG00000104903,LYL1,bHLH,Yes,Inferred motif,Obligate heteromer,In vivo/Misc source,None,"TAL1, TAL2 and LYL are very similar and have a basic region with a bulky tryptophan inserting into the cluster of the basic residues. Binds DNA as a heterodimer with TCF3 (PDB:2YPB and PDB:2YPA).",IPR011598;,4066,lymphoblastic leukemia associated hematopoiesis regulator 1 [Source:HGNC Symbol;Acc:HGNC:6734],None,DBD and Full,Yes,None,PMID:8628307 LYL1 makes heterodimer with TCF3,a,Yes,No,Yes,"1a2, Orthologous HQ evidence",Matt Weirauch,Pratyush Das,Yes,$#ENSG00000104903#GO:0000981#sequence-specific DNA binding RNA polymerase II transcription factor activity#IBA - GO_REF:0000033,$#ENSP00000264824#ENSG00000104903#ENST00000264824#bHLH#$#ENSP00000468122#ENSG00000104903#ENST00000590974#bHLH#,False
92,ENSG00000125952,MAX,bHLH,Yes,Known motif,Monomer or homomultimer,High-throughput in vitro,None,None,IPR011598;,4149,MYC associated factor X [Source:HGNC Symbol;Acc:HGNC:6913],1AN2,DBD and Full,Yes,None,Structure is a homodimer,a,Yes,TF Gene_DNA-Binding: sequence-specific_DNA Binding_PMIDS:8265351,Yes,"1a1, Direct HQ evidence",Pratyush Das,Jussi Taipale,Yes,$#ENSG00000125952#GO:0003700#sequence-specific DNA binding transcription factor activity#IEA - GO_REF:0000019,$#ENSP00000246163#ENSG00000125952#ENST00000246163#bHLH#$#ENSP00000284165#ENSG00000125952#ENST00000284165#bHLH#$#ENSP00000351175#ENSG00000125952#ENST00000358402#bHLH#$#ENSP00000351490#ENSG00000125952#ENST00000358664#bHLH#$#ENSP00000452286#ENSG00000125952#ENST00000555667#bHLH#$#ENSP00000480127#ENSG00000125952#ENST00000618858#bHLH#$#ENSP00000342482#ENSG00000125952#ENST00000341653#bHLH#$#ENSP00000450818#ENSG00000125952#ENST00000556443#bHLH#$#ENSP00000452378#ENSG00000125952#ENST00000556979#bHLH#$#ENSP00000450955#ENSG00000125952#ENST00000557277#bHLH#,False
93,ENSG00000166823,MESP1,bHLH,Yes,Known motif,Monomer or homomultimer,High-throughput in vitro,None,None,IPR011598;,55897,mesoderm posterior bHLH transcription factor 1 [Source:HGNC Symbol;Acc:HGNC:29658],None,DBD,Yes,None,None,c,Yes,No,Yes,"1a1, Direct HQ evidence",Arttu Jolma,Sam Lambert,Yes,$#ENSG00000166823#GO:0001077#RNA polymerase II core promoter proximal region sequence-specific DNA binding transcription factor a#IEA - GO_REF:0000019$#ENSG00000166823#GO:0003700#sequence-specific DNA binding transcription factor activity#IDA - PMID:18297060,$#ENSP00000300057#ENSG00000166823#ENST00000300057#bHLH#,False
94,ENSG00000188095,MESP2,bHLH,Yes,Known motif,Monomer or homomultimer,High-throughput in vitro,None,None,IPR011598;,145873,mesoderm posterior bHLH transcription factor 2 [Source:HGNC Symbol;Acc:HGNC:29659],None,DBD and Full,Yes,None,None,a,Yes,TF Gene_DNA-Binding: sequence-specific; Transcription Factor Binding: tf co-factor binding_Co-activation_PMIDS:16728472,No,"1a1, Direct HQ evidence",Sam Lambert,Arttu Jolma,Yes,None,$#ENSP00000342392#ENSG00000188095#ENST00000341735#bHLH#$#ENSP00000452998#ENSG00000188095#ENST00000560219#bHLH#,False
95,ENSG00000187098,MITF,bHLH,Yes,Known motif,Monomer or homomultimer,100 perc ID - in vitro,None,Binds DNA both as homo- and heterodimers (PMID: 23207919). The structure 4ATI is a homodimer with DNA GTTAGCACATGACCCT.,IPR011598;IPR021802,4286,melanogenesis associated transcription factor [Source:HGNC Symbol;Acc:HGNC:7105],4ATI,DBD and Full,Yes,None,"Based on pmid:23207919, it binds DNA both as homo- and heterodimers, The structure 4ATI is homodimer with DNA GTTAGCACATGACCCT",a,Yes,TF Gene_DNA-Binding: sequence-specific_DNA Binding; Transactivation_PMIDS:14737107;15716956,Yes,"1a1, Direct HQ evidence",Pratyush Das,Arttu Jolma,Yes,"$#ENSG00000187098#GO:0001077#RNA polymerase II core promoter proximal region sequence-specific DNA binding transcription factor a#IDA - PMID:14737107, PMID:20530484 | IMP - PMID:14$#ENSG00000187098#GO:0001227#RNA polymerase II transcription regulatory region sequence-specific DNA binding transcription factor#NAS - PMID:24769727","$#ENSP00000324246#ENSG00000187098#ENST00000314557#bHLH#DUF3371, MITF_TFEB_C_3_N$#ENSP00000295600#ENSG00000187098#ENST00000352241#bHLH#DUF3371, MITF_TFEB_C_3_N$#ENSP00000481286#ENSG00000187098#ENST00000394348#bHLH#MITF_TFEB_C_3_N$#ENSP00000377880#ENSG00000187098#ENST00000394351#bHLH#DUF3371, MITF_TFEB_C_3_N$#ENSP00000391276#ENSG00000187098#ENST00000457080#bHLH#MITF_TFEB_C_3_N$#ENSP00000435909#ENSG00000187098#ENST00000531774#bHLH#DUF3371, MITF_TFEB_C_3_N$#ENSP00000324443#ENSG00000187098#ENST00000314589#bHLH#DUF3371, MITF_TFEB_C_3_N$#ENSP00000418845#ENSG00000187098#ENST00000472437#bHLH#DUF3371, MITF_TFEB_C_3_N$#ENSP00000411389#ENSG00000187098#ENST00000433517#bHLH#MITF_TFEB_C_3_N",False
96,ENSG00000108788,MLX,bHLH,Yes,Known motif,Monomer or homomultimer,High-throughput in vitro,None,None,IPR011598;,6945,"MLX, MAX dimerization protein [Source:HGNC Symbol;Acc:HGNC:11645]",None,DBD and Full,Yes,None,None,a,Yes,TF Gene_DNA-Binding: sequence-specific_DNA Binding_PMIDS:10918583;14742444,Yes,"1a1, Direct HQ evidence",Jussi Taipale,Arttu Jolma,Yes,$#ENSG00000108788#GO:0001227#RNA polymerase II transcription regulatory region sequence-specific DNA binding transcription factor#IDA - PMID:10918583 | IMP - PMID:10918583$#ENSG00000108788#GO:0003700#sequence-specific DNA binding transcription factor activity#NAS - PMID:10918583,$#ENSP00000246912#ENSG00000108788#ENST00000246912#bHLH#$#ENSP00000320913#ENSG00000108788#ENST00000346833#bHLH#$#ENSP00000416627#ENSG00000108788#ENST00000435881#bHLH#$#ENSP00000464697#ENSG00000108788#ENST00000591024#bHLH#,False
97,ENSG00000175727,MLXIP,bHLH,Yes,Inferred motif,Obligate heteromer,High-throughput in vitro,None,None,IPR011598;,22877,MLX interacting protein [Source:HGNC Symbol;Acc:HGNC:17055],None,DBD,Yes,None,None,a,Yes,No,Yes,"1a1, Direct HQ evidence",Pratyush Das,Sam Lambert,Yes,$#ENSG00000175727#GO:0003700#sequence-specific DNA binding transcription factor activity#IBA - GO_REF:0000033,$#ENSP00000312834#ENSG00000175727#ENST00000319080#bHLH#$#ENSP00000440769#ENSG00000175727#ENST00000538698#bHLH#$#ENSP00000438206#ENSG00000175727#ENST00000535430#bHLH#$#ENSP00000444507#ENSG00000175727#ENST00000542417#bHLH#$#ENSP00000445891#ENSG00000175727#ENST00000366272#bHLH#,False
98,ENSG00000009950,MLXIPL,bHLH,Yes,Known motif,Monomer or homomultimer,High-throughput in vitro,None,None,IPR011598;,51085,MLX interacting protein like [Source:HGNC Symbol;Acc:HGNC:12744],None,DBD and Full,Yes,None,None,a,Yes,TF Gene_DNA-Binding: sequence-specific__PMIDS:0,Yes,"1a1, Direct HQ evidence",Pratyush Das,Sam Lambert,Yes,$#ENSG00000009950#GO:0001078#RNA polymerase II core promoter proximal region sequence-specific DNA binding transcription factor a#IEA - GO_REF:0000019$#ENSG00000009950#GO:0003700#sequence-specific DNA binding transcription factor activity#IBA - GO_REF:0000033 | NAS - PMID:10780788,$#ENSP00000320886#ENSG00000009950#ENST00000313375#bHLH#$#ENSP00000346629#ENSG00000009950#ENST00000354613#bHLH#$#ENSP00000412330#ENSG00000009950#ENST00000414749#bHLH#$#ENSP00000406296#ENSG00000009950#ENST00000429400#bHLH#$#ENSP00000392636#ENSG00000009950#ENST00000434326#bHLH#,False
99,ENSG00000070444,MNT,bHLH,Yes,Known motif,Monomer or homomultimer,High-throughput in vitro,None,Prefers to heterodimerize with MAX over homodimer formation (PMID: 9000049).,IPR011598;,4335,MAX network transcriptional repressor [Source:HGNC Symbol;Acc:HGNC:7188],None,DBD and Full,Yes,None,None,a,Yes,TF Gene_DNA-Binding: sequence-specific_DNA Binding; TF PPI_PMIDS:9184233,Yes,"1a1, Direct HQ evidence",Arttu Jolma,Pratyush Das,Yes,$#ENSG00000070444#GO:0001227#RNA polymerase II transcription regulatory region sequence-specific DNA binding transcription factor#IDA - PMID:9184233$#ENSG00000070444#GO:0003700#sequence-specific DNA binding transcription factor activity#TAS - PMID:9184233,$#ENSP00000174618#ENSG00000070444#ENST00000174618#bHLH#$#ENSP00000476269#ENSG00000070444#ENST00000575394#bHLH#,False
100,ENSG00000178860,MSC,bHLH,Yes,Known motif,Monomer or homomultimer,High-throughput in vitro,None,None,IPR011598;,9242,musculin [Source:HGNC Symbol;Acc:HGNC:7321],None,DBD and Full,Yes,None,None,a,Yes,TF Gene Candidate_Transcription Factor Binding: tf co-factor binding; DNA-Binding: sequence-specific_DNA Binding; TF PPI_PMIDS:9892671,Yes,"1a1, Direct HQ evidence",Sam Lambert,Laura Campitelli,Yes,$#ENSG00000178860#GO:0001206#RNA polymerase II distal enhancer sequence-specific DNA binding transcription factor activity involv#IEA - GO_REF:0000019$#ENSG00000178860#GO:0003700#sequence-specific DNA binding transcription factor activity#TAS - PMID:9584154,$#ENSP00000321445#ENSG00000178860#ENST00000325509#bHLH#,False
101,ENSG00000151379,MSGN1,bHLH,Yes,Known motif,Monomer or homomultimer,High-throughput in vitro,None,None,IPR011598;,343930,mesogenin 1 [Source:HGNC Symbol;Acc:HGNC:14907],None,DBD,Yes,None,None,c,Yes,No,Yes,"1a1, Direct HQ evidence",Matt Weirauch,Arttu Jolma,Yes,$#ENSG00000151379#GO:0001228#RNA polymerase II transcription regulatory region sequence-specific DNA binding transcription factor#IEA - GO_REF:0000019,$#ENSP00000281047#ENSG00000151379#ENST00000281047#bHLH#,False
102,ENSG00000059728,MXD1,bHLH,Yes,Inferred motif,Obligate heteromer,In vivo/Misc source,None,"All three MXD proteins have very similar sequences and should behave accordingly, making heterodimers with at least MAX (PMID:8521822).",IPR011598;,4084,MAX dimerization protein 1 [Source:HGNC Symbol;Acc:HGNC:6761],1NLW,DBD and Full,Yes,Obligate_Multimer,Structure has MXD1-MAX heterodimer; PMID:12553908 for MXD1-MAX heterodimer 1NLW,a,Yes,TF Gene_DNA-Binding: sequence-specific_Co-activation; DNA Binding_PMIDS:8816491,Yes,"1a1, Direct HQ evidence",Sam Lambert,Jussi Taipale,Yes,"$#ENSG00000059728#GO:0001078#RNA polymerase II core promoter proximal region sequence-specific DNA binding transcription factor a#IDA - PMID:10723141$#ENSG00000059728#GO:0003700#sequence-specific DNA binding transcription factor activity#TAS - PMID:7829091, PMID:8425218",$#ENSP00000264444#ENSG00000059728#ENST00000264444#bHLH#$#ENSP00000443935#ENSG00000059728#ENST00000540449#bHLH#$#ENSP00000410672#ENSG00000059728#ENST00000435990#bHLH#,False
103,ENSG00000213347,MXD3,bHLH,Yes,Inferred motif,Obligate heteromer,In vivo/Misc source,None,"All three MXD proteins have very similar sequences and should behave accordingly, making heterodimers with at least MAX (PMID:8521822).",IPR011598;,83463,MAX dimerization protein 3 [Source:HGNC Symbol;Acc:HGNC:14008],None,DBD,Yes,Obligate_Multimer,heterodimerizes with MAX,a,Yes,No,No,"3a, decent circumstantial evidence for its role as",Sam Lambert,Pratyush Das,Yes,None,$#ENSP00000401867#ENSG00000213347#ENST00000439742#bHLH#$#ENSP00000389716#ENSG00000213347#ENST00000423571#bHLH#$#ENSP00000416921#ENSG00000213347#ENST00000427908#bHLH#$#ENSP00000425029#ENSG00000213347#ENST00000502529#bHLH#,False
104,ENSG00000123933,MXD4,bHLH,Yes,Inferred motif,Obligate heteromer,In vivo/Misc source,None,"All three MXD proteins have very similar sequences and should behave accordingly, making heterodimers with at least MAX (PMID:8521822).",IPR011598;,100616358,MAX dimerization protein 4 [Source:HGNC Symbol;Acc:HGNC:13906],None,DBD and Full,Yes,None,heterodimerizes with MAX,a,Yes,No,No,"3a, decent circumstantial evidence for its role as",Tim Hughes,Arttu Jolma,Yes,None,$#ENSP00000337889#ENSG00000123933#ENST00000337190#bHLH#Myc-LZ,False
105,ENSG00000119950,MXI1,bHLH,Yes,Known motif,Obligate heteromer,In vivo/Misc source,Has a putative AT-hook,Obligate heteromer (PMID: 8425219).,IPR011598;,4601,"MAX interactor 1, dimerization protein [Source:HGNC Symbol;Acc:HGNC:7534]",None,DBD and Full,Yes,Obligate_Multimer,"PMID:8425219, Heterodimerizes with MAX",a,Yes,TF Gene_DNA-Binding: sequence-specific_DNA Binding_PMIDS:8425219;15467743,No,"2a1, Lower confidence direct evidence",Yimeng Yin,Matt Weirauch,Yes,None,$#ENSP00000239007#ENSG00000119950#ENST00000239007#bHLH#$#ENSP00000331152#ENSG00000119950#ENST00000332674#bHLH#$#ENSP00000354606#ENSG00000119950#ENST00000361248#bHLH#$#ENSP00000376842#ENSG00000119950#ENST00000393134#bHLH#$#ENSP00000358625#ENSG00000119950#ENST00000369612#bHLH#,False
106,ENSG00000136997,MYC,bHLH,Yes,Known motif,Obligate heteromer,In vivo/Misc source,None,Functions as a heterodimer with MAX.,IPR002418;IPR003327;IPR011598;IPR012682,4609,v-myc avian myelocytomatosis viral oncogene homolog [Source:HGNC Symbol;Acc:HGNC:7553],1NKP,DBD and Full,Yes,Obligate_Multimer,"Structure has MYC-MAX heterodimer; PMID:12553908 for MYC-MAX crystal structure, well established to make heterodimers with bHLH:s such as MAX",a,Yes,TF Gene_DNA-Binding: sequence-specific_DNA Binding_PMIDS:12177005;16287840;16767079,Yes,"1a1, Direct HQ evidence",Jussi Taipale,Pratyush Das,Yes,$#ENSG00000136997#GO:0001077#RNA polymerase II core promoter proximal region sequence-specific DNA binding transcription factor a#IDA - PMID:10723141$#ENSG00000136997#GO:0003700#sequence-specific DNA binding transcription factor activity#IDA - PMID:9924025,"$#ENSP00000259523#ENSG00000136997#ENST00000259523#bHLH#Myc_N$#ENSP00000367207#ENSG00000136997#ENST00000377970#bHLH#Myc_N, TRH$#ENSP00000429441#ENSG00000136997#ENST00000517291#bHLH#Myc_N$#ENSP00000430235#ENSG00000136997#ENST00000524013#bHLH#Myc_N, TRH$#ENSP00000479618#ENSG00000136997#ENST00000613283#bHLH#Myc_N, TRH$#ENSP00000478887#ENSG00000136997#ENST00000621592#bHLH#Myc_N, TRH$#ENSP00000430226#ENSG00000136997#ENST00000520751#bHLH#",False
107,ENSG00000116990,MYCL,bHLH,Yes,Inferred motif,Obligate heteromer,In vivo/Misc source,None,Similar to MYC and thus likely to functions as a heterodimer with MAX.,IPR002418;IPR011598;IPR012682;,4610,v-myc avian myelocytomatosis viral oncogene lung carcinoma derived homolog [Source:HGNC Symbol;Acc:H,None,DBD and Full,Yes,None,"Mycn ChIP-seq makes sense, likely makes a heterodimer with MAX lice MYC",b,Yes,No,No,"2a2, orthologous lower confidence evidence",Arttu Jolma,Pratyush Das,Yes,$#ENSG00000116990#GO:0003700#sequence-specific DNA binding transcription factor activity#IEA - GO_REF:0000002,$#ENSP00000361902#ENSG00000116990#ENST00000372815#bHLH#Myc_N$#ENSP00000380494#ENSG00000116990#ENST00000397332#bHLH#Myc_N$#ENSP00000361903#ENSG00000116990#ENST00000372816#bHLH#Myc_N$#ENSP00000434375#ENSG00000116990#ENST00000450953#bHLH#Myc_N,False
108,ENSG00000134323,MYCN,bHLH,Yes,Known motif,Monomer or homomultimer,High-throughput in vitro,None,None,IPR002418;IPR011598;IPR012682;,4613,v-myc avian myelocytomatosis viral oncogene neuroblastoma derived homolog [Source:HGNC Symbol;Acc:HG,None,DBD and Full,Yes,None,None,a,Yes,TF Gene Candidate_DNA-Binding: sequence-specific_DNA Binding_PMIDS:17124508,Yes,"1a1, Direct HQ evidence",Pratyush Das,Sam Lambert,Yes,$#ENSG00000134323#GO:0003700#sequence-specific DNA binding transcription factor activity#IEA - GO_REF:0000002,"$#ENSP00000281043#ENSG00000134323#ENST00000281043#bHLH#CENP-B_dimeris, LRS4, Myc_N",False
109,ENSG00000111049,MYF5,bHLH,Yes,Known motif,Monomer or homomultimer,In vivo/Misc source,Only known motifs are from Transfac or HocoMoco - origin is uncertain,None,IPR002546;IPR011598;IPR022032;,4617,myogenic factor 5 [Source:HGNC Symbol;Acc:HGNC:7565],None,DBD and Full,Yes,Obligate_Multimer,"PMID:16099183, heterodimerizes with TCF3, TCF4 and TCF12",a,Yes,TF Gene Candidate_DNA-Binding: sequence-specific_DNA Binding; Transactivation_PMIDS:2385294;15497153,Yes,"2a1, Lower confidence direct evidence",Yimeng Yin,Pratyush Das,Yes,$#ENSG00000111049#GO:0001228#RNA polymerase II transcription regulatory region sequence-specific DNA binding transcription factor#IBA - GO_REF:0000033$#ENSG00000111049#GO:0003705#RNA polymerase II distal enhancer sequence-specific DNA binding transcription factor activity#TAS - PMID:2311584,"$#ENSP00000228644#ENSG00000111049#ENST00000228644#bHLH#Basic, Myf5",False
110,ENSG00000111046,MYF6,bHLH,Yes,Known motif,Monomer or homomultimer,High-throughput in vitro,None,None,IPR002546;IPR011598,4618,myogenic factor 6 [Source:HGNC Symbol;Acc:HGNC:7566],None,DBD and Full,Yes,None,None,a,Yes,TF Gene_DNA-Binding: sequence-specific_Transactivation_PMIDS:1317551;2311584;11076940,Yes,"1a1, Direct HQ evidence",Sam Lambert,Pratyush Das,Yes,$#ENSG00000111046#GO:0001228#RNA polymerase II transcription regulatory region sequence-specific DNA binding transcription factor#IBA - GO_REF:0000033$#ENSG00000111046#GO:0003700#sequence-specific DNA binding transcription factor activity#TAS - PMID:2311584$#ENSG00000111046#GO:0003705#RNA polymerase II distal enhancer sequence-specific DNA binding transcription factor activity#IBA - GO_REF:0000033,"$#ENSP00000228641#ENSG00000111046#ENST00000228641#bHLH#Basic, Myf5",False
111,ENSG00000129152,MYOD1,bHLH,Yes,Known motif,Monomer or homomultimer,High-throughput in vitro,None,None,IPR002546;IPR011598;IPR022032;,4654,myogenic differentiation 1 [Source:HGNC Symbol;Acc:HGNC:7611],1MDY,DBD and Full,Yes,None,Structure is MYOD1 homodimer,a,Yes,TF Gene_DNA-Binding: sequence-specific_DNA Binding_PMIDS:12242286,Yes,"1a1, Direct HQ evidence",Yimeng Yin,Matt Weirauch,Yes,$#ENSG00000129152#GO:0001228#RNA polymerase II transcription regulatory region sequence-specific DNA binding transcription factor#IDA - PMID:11076940$#ENSG00000129152#GO:0003705#RNA polymerase II distal enhancer sequence-specific DNA binding transcription factor activity#TAS - PMID:1846704,"$#ENSP00000250003#ENSG00000129152#ENST00000250003#bHLH#Basic, Myf5",False
112,ENSG00000122180,MYOG,bHLH,Yes,Known motif,Monomer or homomultimer,High-throughput in vitro,None,None,IPR002546;IPR011598,4656,myogenin [Source:HGNC Symbol;Acc:HGNC:7612],None,DBD and Full,Yes,None,None,a,Yes,TF Gene_DNA-Binding: sequence-specific_DNA Binding_PMIDS:10733231,Yes,"1a1, Direct HQ evidence",Laura Campitelli,Matt Weirauch,Yes,$#ENSG00000122180#GO:0001077#RNA polymerase II core promoter proximal region sequence-specific DNA binding transcription factor a#IEA - GO_REF:0000019$#ENSG00000122180#GO:0001228#RNA polymerase II transcription regulatory region sequence-specific DNA binding transcription factor#IDA - PMID:11076940 | TAS - PMID:19783823$#ENSG00000122180#GO:0003700#sequence-specific DNA binding transcription factor activity#ISS - GO_REF:0000024$#ENSG00000122180#GO:0003705#RNA polymerase II distal enhancer sequence-specific DNA binding transcription factor activity#IBA - GO_REF:0000033,$#ENSP00000241651#ENSG00000122180#ENST00000241651#bHLH#Basic,False
113,ENSG00000084676,NCOA1,bHLH,Yes,Likely to be sequence specific TF,Obligate heteromer,No motif,None,"NCOA1/2/3 all have been tested on PBMs and HT-SELEX without yielding a motif.  All are co-activators, collectively suggesting they might be obligate heteromers.",IPR000014;IPR009110;IPR010011;IPR011598;IPR013767;IPR014920;IPR014935;IPR017426,8648,nuclear receptor coactivator 1 [Source:HGNC Symbol;Acc:HGNC:7668],None,DBD and Full,Yes,None,None,c,Yes,TF Gene Candidate_Transcription Factor Binding: tf co-factor binding_TF PPI_PMIDS:9192892,No,"4a, two or more datasets predict it as a TF",Tim Hughes,Sam Lambert,Yes,None,"$#ENSP00000288599#ENSG00000084676#ENST00000288599#bHLH#DUF1518, DUF4927, NCOA_u2, Nuc_rec_co-act, PAS, PA$#ENSP00000320940#ENSG00000084676#ENST00000348332#bHLH#DUF1518, DUF4927, NCOA_u2, Nuc_rec_co-act, PAS, PA$#ENSP00000379197#ENSG00000084676#ENST00000395856#bHLH#DUF1518, DUF4927, NCOA_u2, Nuc_rec_co-act, PAS, PA$#ENSP00000385195#ENSG00000084676#ENST00000407230#bHLH#DUF1518, DUF4927, NCOA_u2, Nuc_rec_co-act, PAS_11,",False
114,ENSG00000140396,NCOA2,bHLH,Yes,Likely to be sequence specific TF,Obligate heteromer,No motif,None,"NCOA1/2/3 all have been tested on PBMs and HT-SELEX without yielding a motif.  All are co-activators, collectively suggesting they might be obligate heteromers.",IPR000014;IPR009110;IPR010011;IPR011598;IPR013767;IPR014920;IPR014935;IPR017426,10499,nuclear receptor coactivator 2 [Source:HGNC Symbol;Acc:HGNC:7669],3DZU,DBD and Full,Yes,None,The crystal has only a small peptide fragment of NCOA2,x,No,TF Gene_Transcription Factor Binding: tf co-factor binding_Co-activation_PMIDS:14662770;15983373,No,"3a, decent circumstantial evidence for its role as",Matt Weirauch,Arttu Jolma,Yes,None,"$#ENSP00000399968#ENSG00000140396#ENST00000452400#bHLH#DUF1518, DUF4927, NCOA_u2, Nuc_rec_co-act, PAS, PA$#ENSP00000429132#ENSG00000140396#ENST00000518363#bHLH#DUF1518, Nuc_rec_co-act$#ENSP00000430850#ENSG00000140396#ENST00000520416#bHLH#$#ENSP00000430348#ENSG00000140396#ENST00000519724#bHLH#",False
115,ENSG00000124151,NCOA3,bHLH,Yes,Likely to be sequence specific TF,Obligate heteromer,No motif,None,"NCOA1/2/3 all have been tested on PBMs and HT-SELEX without yielding a motif.  All are co-activators, collectively suggesting they might be obligate heteromers.",IPR000014;IPR009110;IPR010011;IPR011598;IPR013767;IPR014920;IPR014935;IPR017426,8202,nuclear receptor coactivator 3 [Source:HGNC Symbol;Acc:HGNC:7670],None,DBD and Full,Yes,None,None,c,Yes,TF Gene_Transcription Factor Binding: tf co-factor binding_Co-activation_PMIDS:9192892,No,"4a, two or more datasets predict it as a TF",Pratyush Das,Jussi Taipale,Yes,None,"$#ENSP00000361065#ENSG00000124151#ENST00000371997#bHLH#DUF1518, DUF4927, NCOA_u2, Nuc_rec_co-act, PAS, PA$#ENSP00000361066#ENSG00000124151#ENST00000371998#bHLH#DUF1518, DUF4927, NCOA_u2, Nuc_rec_co-act, PAS, PA$#ENSP00000361073#ENSG00000124151#ENST00000372004#bHLH#DUF1518, DUF4927, NCOA_u2, Nuc_rec_co-act, PAS, PA",False
116,ENSG00000162992,NEUROD1,bHLH,Yes,Known motif,Monomer or homomultimer,High-throughput in vitro,None,None,IPR011598;IPR016637;IPR022575;,4760,neuronal differentiation 1 [Source:HGNC Symbol;Acc:HGNC:7762],2QL2,DBD and Full,Yes,None,Structure is heterodimer NEUROD1 - TCF3,a,Yes,TF Gene_DNA-Binding: sequence-specific_DNA Binding; Transactivation_PMIDS:9111329;9343431,Yes,"1a1, Direct HQ evidence",Jussi Taipale,Pratyush Das,Yes,$#ENSG00000162992#GO:0001077#RNA polymerase II core promoter proximal region sequence-specific DNA binding transcription factor a#IEA - GO_REF:0000019$#ENSG00000162992#GO:0003700#sequence-specific DNA binding transcription factor activity#IDA - PMID:10545951$#ENSG00000162992#GO:0051091#positive regulation of sequence-specific DNA binding transcription factor activity#IDA - PMID:14752053,"$#ENSP00000295108#ENSG00000162992#ENST00000295108#bHLH#DNA_pol_phi, Neuro_bHLH",False
117,ENSG00000171532,NEUROD2,bHLH,Yes,Known motif,Monomer or homomultimer,High-throughput in vitro,None,None,IPR011598;IPR016637;IPR022575;,4761,neuronal differentiation 2 [Source:HGNC Symbol;Acc:HGNC:7763],None,DBD and Full,Yes,None,None,a,Yes,TF Gene_DNA-Binding: sequence-specific_DNA Binding; Transactivation_PMIDS:8816493;10098882;10871374,Yes,"1a1, Direct HQ evidence",Arttu Jolma,Jussi Taipale,Yes,$#ENSG00000171532#GO:0001228#RNA polymerase II transcription regulatory region sequence-specific DNA binding transcription factor#IEA - GO_REF:0000019$#ENSG00000171532#GO:0003700#sequence-specific DNA binding transcription factor activity#TAS - PMID:8816493$#ENSG00000171532#GO:0051091#positive regulation of sequence-specific DNA binding transcription factor activity#ISS - GO_REF:0000024,$#ENSP00000306754#ENSG00000171532#ENST00000302584#bHLH#Neuro_bHLH,False
118,ENSG00000123307,NEUROD4,bHLH,Yes,Inferred motif,Monomer or homomultimer,High-throughput in vitro,None,None,IPR011598;IPR016637;IPR022575;,58158,neuronal differentiation 4 [Source:HGNC Symbol;Acc:HGNC:13802],None,DBD and Full,Yes,None,"NEUROD1 makes heterodimer with TCF3 (PDB:2QL2), maybe the other NEURO:s do the same",b,Yes,TF Gene Candidate__Co-activation; Transactivation_PMIDS:12947105,No,"1a2, Orthologous HQ evidence",Yimeng Yin,Matt Weirauch,Yes,None,$#ENSP00000242994#ENSG00000123307#ENST00000242994#bHLH#Neuro_bHLH,False
119,ENSG00000164600,NEUROD6,bHLH,Yes,Inferred motif,Monomer or homomultimer,High-throughput in vitro,None,None,IPR011598;IPR016637;IPR022575;,63974,neuronal differentiation 6 [Source:HGNC Symbol;Acc:HGNC:13804],None,DBD and Full,Yes,None,"NEUROD1 makes heterodimer with TCF3 (PDB:2QL2), maybe the other NEURO:s do the same",a,Yes,TF Gene_DNA-Binding: sequence-specific_Other_PMIDS:9308961;9454850;12562512,Yes,"1a2, Orthologous HQ evidence",Sam Lambert,Yimeng Yin,Yes,$#ENSG00000164600#GO:0001077#RNA polymerase II core promoter proximal region sequence-specific DNA binding transcription factor a#IEA - GO_REF:0000019,$#ENSP00000297142#ENSG00000164600#ENST00000297142#bHLH#Neuro_bHLH,False
120,ENSG00000181965,NEUROG1,bHLH,Yes,Known motif,Monomer or homomultimer,High-throughput in vitro,None,None,IPR011598;,4762,neurogenin 1 [Source:HGNC Symbol;Acc:HGNC:7764],None,DBD and Full,Yes,None,None,a,Yes,TF Gene Candidate_DNA-Binding: sequence-specific_Transactivation_PMIDS:10814830,Yes,"1a1, Direct HQ evidence",Jussi Taipale,Laura Campitelli,Yes,$#ENSG00000181965#GO:0003700#sequence-specific DNA binding transcription factor activity#TAS - PMID:8816493$#ENSG00000181965#GO:0051091#positive regulation of sequence-specific DNA binding transcription factor activity#ISS - GO_REF:0000024,$#ENSP00000317580#ENSG00000181965#ENST00000314744#bHLH#,False
121,ENSG00000178403,NEUROG2,bHLH,Yes,Known motif,Monomer or homomultimer,High-throughput in vitro,None,None,IPR011598;,63973,neurogenin 2 [Source:HGNC Symbol;Acc:HGNC:13805],None,DBD and Full,Yes,None,None,c,Yes,No,Yes,"1a1, Direct HQ evidence",Jussi Taipale,Laura Campitelli,Yes,$#ENSG00000178403#GO:0051091#positive regulation of sequence-specific DNA binding transcription factor activity#ISS - GO_REF:0000024,$#ENSP00000317333#ENSG00000178403#ENST00000313341#bHLH#,False
122,ENSG00000122859,NEUROG3,bHLH,Yes,Inferred motif,Monomer or homomultimer,High-throughput in vitro,None,None,IPR011598;,50674,neurogenin 3 [Source:HGNC Symbol;Acc:HGNC:13806],None,DBD and Full,Yes,None,"PMID:19389376 Ascl1 and Neurog2 make DNA-binding complexes, maybe this paralog behaves like it",a,Yes,TF Gene_DNA-Binding: sequence-specific_DNA Binding_PMIDS:10757813;16511571;10757813;16511571;16511571;14576336;16511571,Yes,"1a2, Orthologous HQ evidence",Pratyush Das,Matt Weirauch,Yes,$#ENSG00000122859#GO:0001077#RNA polymerase II core promoter proximal region sequence-specific DNA binding transcription factor a#IEA - GO_REF:0000019$#ENSG00000122859#GO:0001078#RNA polymerase II core promoter proximal region sequence-specific DNA binding transcription factor a#IDA - PMID:14576336$#ENSG00000122859#GO:0051091#positive regulation of sequence-specific DNA binding transcription factor activity#ISS - GO_REF:0000024,$#ENSP00000242462#ENSG00000122859#ENST00000242462#bHLH#,False
123,ENSG00000171786,NHLH1,bHLH,Yes,Known motif,Monomer or homomultimer,High-throughput in vitro,None,None,IPR011598;,4807,nescient helix-loop-helix 1 [Source:HGNC Symbol;Acc:HGNC:7817],None,DBD and Full,Yes,None,None,b,Yes,No,Yes,"1a1, Direct HQ evidence",Arttu Jolma,Laura Campitelli,Yes,$#ENSG00000171786#GO:0001228#RNA polymerase II transcription regulatory region sequence-specific DNA binding transcription factor#IDA - PMID:12878195,$#ENSP00000302189#ENSG00000171786#ENST00000302101#bHLH#,False
124,ENSG00000177551,NHLH2,bHLH,Yes,Known motif,Monomer or homomultimer,High-throughput in vitro,None,None,IPR011598;,4808,nescient helix-loop-helix 2 [Source:HGNC Symbol;Acc:HGNC:7818],None,DBD and Full,Yes,None,None,b,Yes,TF Gene_DNA-Binding: sequence-specific_DNA Binding_PMIDS:15470499,Yes,"1a1, Direct HQ evidence",Yimeng Yin,Pratyush Das,Yes,$#ENSG00000177551#GO:0000981#sequence-specific DNA binding RNA polymerase II transcription factor activity#IBA - GO_REF:0000033$#ENSG00000177551#GO:0051091#positive regulation of sequence-specific DNA binding transcription factor activity#TAS - PMID:16314316,$#ENSP00000322087#ENSG00000177551#ENST00000320238#bHLH#$#ENSP00000405062#ENSG00000177551#ENST00000429731#bHLH#$#ENSP00000358519#ENSG00000177551#ENST00000369506#bHLH#,False
125,ENSG00000130751,NPAS1,bHLH,Yes,Inferred motif,Obligate heteromer,In vivo/Misc source,None,Likely obligate heteromer (PMID: 27782878).,IPR000014;IPR011598;IPR013655;IPR013767,4861,neuronal PAS domain protein 1 [Source:HGNC Symbol;Acc:HGNC:7894],None,DBD and Full,Yes,None,Taipale lab has an unpublished PWM,a,Yes,TF Gene_DNA-Binding: non-sequence-specific_Non-specific DNA_PMIDS:15635607,Yes,"1a1, Direct HQ evidence",Laura Campitelli,Sam Lambert,Yes,$#ENSG00000130751#GO:0000981#sequence-specific DNA binding RNA polymerase II transcription factor activity#IBA - GO_REF:0000033$#ENSG00000130751#GO:0003700#sequence-specific DNA binding transcription factor activity#TAS - PMID:9012850,"$#ENSP00000405290#ENSG00000130751#ENST00000449844#bHLH#PAS, PAS_11, PAS_3, PAS_4, PAS_9$#ENSP00000469142#ENSG00000130751#ENST00000602212#bHLH#PAS, PAS_11, PAS_3, PAS_4, PAS_9$#ENSP00000398689#ENSG00000130751#ENST00000439365#bHLH#PAS_11, PAS_3",False
126,ENSG00000170485,NPAS2,bHLH,Yes,Known motif,Monomer or homomultimer,High-throughput in vitro,None,None,IPR000014;IPR001067;IPR001610;IPR011598;IPR013767;,4862,neuronal PAS domain protein 2 [Source:HGNC Symbol;Acc:HGNC:7895],None,DBD and Full,Yes,None,PMID:10864977 ARNTL2 Forms heterodimer with NPAS2,a,Yes,TF Gene_DNA-Binding: sequence-specific_DNA Binding_PMIDS:11441146,Yes,"1a1, Direct HQ evidence",Sam Lambert,Jussi Taipale,Yes,$#ENSG00000170485#GO:0003700#sequence-specific DNA binding transcription factor activity#IEA - GO_REF:0000002,"$#ENSP00000338283#ENSG00000170485#ENST00000335681#bHLH#PAS, PAS_11, PAS_3, PAS_9$#ENSP00000397595#ENSG00000170485#ENST00000427413#bHLH#PAS, PAS_9$#ENSP00000395265#ENSG00000170485#ENST00000451740#bHLH#PAS$#ENSP00000392125#ENSG00000170485#ENST00000450763#bHLH#",False
127,ENSG00000151322,NPAS3,bHLH,Yes,Inferred motif,Obligate heteromer,In vivo/Misc source,None,Likely obligate heteromer (PMID: 9374395; PMID: 27782878).,IPR000014;IPR011598;IPR013655;IPR013767,64067,neuronal PAS domain protein 3 [Source:HGNC Symbol;Acc:HGNC:19311],None,DBD,Yes,None,None,c,Yes,TF Gene Candidate_DNA-Binding: sequence-specific_Other_PMIDS:16172381;9374395;16172381;10534623;16172381;16190882,Yes,"1a2, Orthologous HQ evidence",Matt Weirauch,Pratyush Das,Yes,$#ENSG00000151322#GO:0000981#sequence-specific DNA binding RNA polymerase II transcription factor activity#IBA - GO_REF:0000033,"$#ENSP00000319610#ENSG00000151322#ENST00000346562#bHLH#PAS, PAS_11, PAS_3, PAS_4, PAS_9$#ENSP00000348460#ENSG00000151322#ENST00000356141#bHLH#PAS, PAS_11, PAS_3, PAS_4, PAS_9$#ENSP00000350446#ENSG00000151322#ENST00000357798#bHLH#PAS, PAS_11, PAS_3, PAS_4, PAS_9$#ENSP00000449542#ENSG00000151322#ENST00000547068#bHLH#PAS, PAS_3$#ENSP00000448916#ENSG00000151322#ENST00000548645#bHLH#PAS, PAS_11, PAS_3, PAS_4, PAS_9$#ENSP00000447213#ENSG00000151322#ENST00000551008#bHLH#PAS, PAS_3$#ENSP00000446700#ENSG00000151322#ENST00000546849#bHLH#PAS",False
128,ENSG00000174576,NPAS4,bHLH,Yes,Inferred motif,Obligate heteromer,High-throughput in vitro,None,Likely dimerizes with ARNT2 (PMID:24263188).,IPR000014;IPR011598;IPR013655;,266743,neuronal PAS domain protein 4 [Source:HGNC Symbol;Acc:HGNC:18983],None,DBD,Yes,None,"Taipale lab has an unpublished PWM; review suggests that it forms heterodimer with ARNT2 PMID:24263188, NPAS4:ARNT2",other,Yes,TF Gene_DNA-Binding: sequence-specific_DNA Binding_PMIDS:14701734,Yes,"1a1, Direct HQ evidence",Jussi Taipale,Arttu Jolma,Yes,$#ENSG00000174576#GO:0000981#sequence-specific DNA binding RNA polymerase II transcription factor activity#IDA - PMID:24465693$#ENSG00000174576#GO:0001077#RNA polymerase II core promoter proximal region sequence-specific DNA binding transcription factor a#IDA - PMID:14701734,"$#ENSP00000311196#ENSG00000174576#ENST00000311034#bHLH#PAS, PAS_11, PAS_3",False
129,ENSG00000184221,OLIG1,bHLH,Yes,Known motif,Monomer or homomultimer,High-throughput in vitro,None,None,IPR011598;,116448,oligodendrocyte transcription factor 1 [Source:HGNC Symbol;Acc:HGNC:16983],None,DBD,Yes,None,None,a,Yes,TF Gene_DNA-Binding: sequence-specific; Transcription Factor Binding: tf co-factor binding_DNA Binding; TF PPI; Transactivation_PMIDS:18160645;15703389,No,"1a1, Direct HQ evidence",Sam Lambert,Laura Campitelli,Yes,None,$#ENSP00000414840#ENSG00000184221#ENST00000426947#bHLH#$#ENSP00000371785#ENSG00000184221#ENST00000382348#bHLH#,False
130,ENSG00000205927,OLIG2,bHLH,Yes,Known motif,Monomer or homomultimer,High-throughput in vitro,None,OLIG2 can homodimerize and heterodimerize with OLIG1 and NGN2 (PMID:15655114; PMID: 21382552).,IPR011598;,10215,oligodendrocyte lineage transcription factor 2 [Source:HGNC Symbol;Acc:HGNC:9398],None,DBD and Full,Yes,None,None,a,Yes,TF Gene_DNA-Binding: sequence-specific; Transcription Factor Binding: tf co-factor binding_TF PPI_PMIDS:14576772;15655114,Yes,"1a1, Direct HQ evidence",Yimeng Yin,Sam Lambert,Yes,$#ENSG00000205927#GO:0003705#RNA polymerase II distal enhancer sequence-specific DNA binding transcription factor activity#IEA - GO_REF:0000019,$#ENSP00000371794#ENSG00000205927#ENST00000382357#bHLH#$#ENSP00000391183#ENSG00000205927#ENST00000430860#bHLH#$#ENSP00000331040#ENSG00000205927#ENST00000333337#bHLH#,False
131,ENSG00000177468,OLIG3,bHLH,Yes,Known motif,Monomer or homomultimer,High-throughput in vitro,None,None,IPR011598;,167826,oligodendrocyte transcription factor 3 [Source:HGNC Symbol;Acc:HGNC:18003],None,DBD and Full,Yes,None,None,b,Yes,Indeterminate - There is no evidence for or against this genes role as a TF___PMIDS:0;,No,"1a1, Direct HQ evidence",Yimeng Yin,Jussi Taipale,Yes,None,$#ENSP00000356708#ENSG00000177468#ENST00000367734#bHLH#,False
132,ENSG00000168267,PTF1A,bHLH,Yes,Known motif,Monomer or homomultimer,High-throughput in vitro,None,None,IPR011598;,256297,"pancreas specific transcription factor, 1a [Source:HGNC Symbol;Acc:HGNC:23734]",None,DBD,Yes,None,None,a,Yes,TF Gene_DNA-Binding: sequence-specific_DNA Binding_PMIDS:2294404;11279116,No,"1a1, Direct HQ evidence",Sam Lambert,Matt Weirauch,Yes,$#ENSG00000168267#GO:0001077#RNA polymerase II core promoter proximal region sequence-specific DNA binding transcription factor a#IEA - GO_REF:0000019,$#ENSP00000365687#ENSG00000168267#ENST00000376504#bHLH#,False
133,ENSG00000260428,SCX,bHLH,Yes,Inferred motif,Monomer or homomultimer,High-throughput in vitro,None,"SCX heterodimerizes with TCF3 (PMID: 19828133). The Taipale lab has an unpublished HT-SELEX model; both it and the inferred B1H motif seem very weak, supporting the idea that the homodimer does not bind DNA well.",IPR011598;,642658,scleraxis bHLH transcription factor [Source:HGNC Symbol;Acc:HGNC:32322],None,not tested,not tested,None,"Taipale lab has an unpublished PWM; PMID:19828133, SCX heterodimerizes with TCF3",x,Yes,TF Gene Candidate_Transcription Factor Binding: tf co-factor binding; DNA-Binding: sequence-specific_Co-activation_PMIDS:10775504;15831523,No,"1a1, Direct HQ evidence",Jussi Taipale,Arttu Jolma,Yes,$#ENSG00000260428#GO:0001205#RNA polymerase II distal enhancer sequence-specific DNA binding transcription factor activity involv#IEA - GO_REF:0000019,$#ENSP00000476384#ENSG00000260428#ENST00000567180#bHLH#,False
134,ENSG00000112246,SIM1,bHLH,Yes,Inferred motif,Obligate heteromer,In vivo/Misc source,None,"Similar to SIM2, which is a likely obligate heteromer.",IPR000014;IPR001610;IPR010578;IPR011598;IPR013655;IPR013767,6492,single-minded family bHLH transcription factor 1 [Source:HGNC Symbol;Acc:HGNC:10882],None,not tested,Yes,None,"From review PMID:24263188, SIM1:ARNT2",other,Yes,No,Yes,"1a2, Orthologous HQ evidence",Sam Lambert,Tim Hughes,Yes,"$#ENSG00000112246#GO:0000981#sequence-specific DNA binding RNA polymerase II transcription factor activity#IBA - GO_REF:0000033$#ENSG00000112246#GO:0003700#sequence-specific DNA binding transcription factor activity#TAS - PMID:8812055, PMID:9199934","$#ENSP00000262901#ENSG00000112246#ENST00000262901#bHLH#PAS, PAS_11, PAS_3, PAS_4, PAS_9, SIM_C$#ENSP00000358210#ENSG00000112246#ENST00000369208#bHLH#PAS, PAS_11, PAS_3, PAS_4, PAS_9, SIM_C",False
135,ENSG00000159263,SIM2,bHLH,Yes,Inferred motif,Obligate heteromer,In vivo/Misc source,None,Likely obligate hetereomer (PMID: 7592839),IPR000014;IPR001610;IPR010578;IPR011598;IPR013655;IPR013767,6493,single-minded family bHLH transcription factor 2 [Source:HGNC Symbol;Acc:HGNC:10883],None,DBD and Full,Yes,None,"From review PMID:24263188, SIM2:ARNT2",other,Yes,TF Gene_DNA-Binding: non-sequence-specific; Transcription Factor Binding: tf co-factor binding_Co-activation_PMIDS:11782478,Yes,"1a2, Orthologous HQ evidence",Sam Lambert,Matt Weirauch,Yes,"$#ENSG00000159263#GO:0000981#sequence-specific DNA binding RNA polymerase II transcription factor activity#IBA - GO_REF:0000033$#ENSG00000159263#GO:0003700#sequence-specific DNA binding transcription factor activity#TAS - PMID:8661114, PMID:9199934","$#ENSP00000290399#ENSG00000159263#ENST00000290399#bHLH#PAS, PAS_11, PAS_3, PAS_9, SIM_C$#ENSP00000392003#ENSG00000159263#ENST00000431229#bHLH#PAS, PAS_11, PAS_3, PAS_4, PAS_9, SIM_C$#ENSP00000476273#ENSG00000159263#ENST00000483178#bHLH#PAS, PAS_11, PAS_3",False
136,ENSG00000165643,SOHLH1,bHLH,Yes,Likely to be sequence specific TF,Obligate heteromer,No motif,None,Forms SOHLH1-SOHLH2 heterodimers (PMID: 22056784).,IPR011598;,402381,spermatogenesis and oogenesis specific basic helix-loop-helix 1 [Source:HGNC Symbol;Acc:HGNC:27845],None,DBD and Full,Yes,None,None,a,Yes,No,Yes,"3a, decent circumstantial evidence for its role as",Pratyush Das,Arttu Jolma,Yes,$#ENSG00000165643#GO:0001228#RNA polymerase II transcription regulatory region sequence-specific DNA binding transcription factor#IBA - GO_REF:0000033,$#ENSP00000298466#ENSG00000165643#ENST00000298466#bHLH#$#ENSP00000404438#ENSG00000165643#ENST00000425225#bHLH#,False
137,ENSG00000120669,SOHLH2,bHLH,Yes,Known motif,Monomer or homomultimer,High-throughput in vitro,None,None,IPR011598;,54937,spermatogenesis and oogenesis specific basic helix-loop-helix 2 [Source:HGNC Symbol;Acc:HGNC:26026],None,DBD,Yes,None,None,c,Yes,No,Yes,"1a1, Direct HQ evidence",Tim Hughes,Pratyush Das,Yes,$#ENSG00000120669#GO:0001228#RNA polymerase II transcription regulatory region sequence-specific DNA binding transcription factor#IBA - GO_REF:0000033,$#ENSP00000326838#ENSG00000120669#ENST00000317764#bHLH#$#ENSP00000369210#ENSG00000120669#ENST00000379881#bHLH#,False
138,ENSG00000072310,SREBF1,bHLH,Yes,Known motif,Monomer or homomultimer,High-throughput in vitro,None,None,IPR011598;,6720,sterol regulatory element binding transcription factor 1 [Source:HGNC Symbol;Acc:HGNC:11289],1AM9,DBD,Yes,None,Structure is homodimer with the non E-box site ,a,Yes,TF Gene_DNA-Binding: sequence-specific_DNA Binding_PMIDS:11829742,Yes,"1a1, Direct HQ evidence",Jussi Taipale,Matt Weirauch,Yes,$#ENSG00000072310#GO:0001077#RNA polymerase II core promoter proximal region sequence-specific DNA binding transcription factor a#IEA - GO_REF:0000019$#ENSG00000072310#GO:0003700#sequence-specific DNA binding transcription factor activity#IDA - PMID:16407292,$#ENSP00000261646#ENSG00000072310#ENST00000261646#bHLH#$#ENSP00000348069#ENSG00000072310#ENST00000355815#bHLH#$#ENSP00000379106#ENSG00000072310#ENST00000395757#bHLH#$#ENSP00000411516#ENSG00000072310#ENST00000423161#bHLH#$#ENSP00000466453#ENSG00000072310#ENST00000486311#bHLH#,False
139,ENSG00000198911,SREBF2,bHLH,Yes,Known motif,Monomer or homomultimer,High-throughput in vitro,None,None,IPR011598;,6721,sterol regulatory element binding transcription factor 2 [Source:HGNC Symbol;Acc:HGNC:11290],None,DBD,Yes,None,None,a,Yes,TF Gene Candidate_DNA-Binding: sequence-specific_DNA Binding_PMIDS:7903453,Yes,"1a1, Direct HQ evidence",Sam Lambert,Pratyush Das,Yes,$#ENSG00000198911#GO:0001078#RNA polymerase II core promoter proximal region sequence-specific DNA binding transcription factor a#IDA - PMID:15358760,$#ENSP00000354476#ENSG00000198911#ENST00000361204#bHLH#$#ENSP00000412287#ENSG00000198911#ENST00000435061#bHLH#$#ENSP00000484441#ENSG00000198911#ENST00000612482#bHLH#,False
140,ENSG00000162367,TAL1,bHLH,Yes,Known motif,Obligate heteromer,In vivo/Misc source,Only known motifs are from Transfac or HocoMoco - origin is uncertain,No motif yielded from PBMs or HT-SELEX. Binds DNA as heterodimer with TCF3 (PDB:2YPB and PDB:2YPA).,IPR011598;,6886,T-cell acute lymphocytic leukemia 1 [Source:HGNC Symbol;Acc:HGNC:11556],2YPB,DBD,Yes,Obligate_Multimer,Obligate heterodimer with TCF3 pmid:23831025,b,Yes,TF Gene_DNA-Binding: sequence-specific_Transactivation_PMIDS:8016094;8289805,Yes,"1a1, Direct HQ evidence",Yimeng Yin,Sam Lambert,Yes,$#ENSG00000162367#GO:0000981#sequence-specific DNA binding RNA polymerase II transcription factor activity#IBA - GO_REF:0000033$#ENSG00000162367#GO:0003700#sequence-specific DNA binding transcription factor activity#IDA - PMID:19497860,$#ENSP00000294339#ENSG00000162367#ENST00000294339#bHLH#$#ENSP00000360951#ENSG00000162367#ENST00000371884#bHLH#,False
141,ENSG00000186051,TAL2,bHLH,Yes,Inferred motif,Obligate heteromer,In vivo/Misc source,None,"No motif yielded from PBMs or HT-SELEX. Similar to TAL1, which binds DNA as heterodimer with TCF3 (PDB:2YPB and PDB:2YPA).",IPR011598;,6887,T-cell acute lymphocytic leukemia 2 [Source:HGNC Symbol;Acc:HGNC:11557],None,DBD and Full,Yes,None,None,b,Yes,TF Gene Candidate_DNA-Binding: sequence-specific_DNA Binding_PMIDS:8152805;11071772,Yes,"2a2, orthologous lower confidence evidence",Pratyush Das,Sam Lambert,Yes,$#ENSG00000186051#GO:0000981#sequence-specific DNA binding RNA polymerase II transcription factor activity#IBA - GO_REF:0000033,$#ENSP00000334547#ENSG00000186051#ENST00000334077#bHLH#,False
142,ENSG00000140262,TCF12,bHLH,Yes,Known motif,Monomer or homomultimer,High-throughput in vitro,None,None,IPR011598;,6938,transcription factor 12 [Source:HGNC Symbol;Acc:HGNC:11623],None,DBD and Full,Yes,None,None,a,Yes,TF Gene_DNA-Binding: sequence-specific_DNA Binding_PMIDS:8163514;12826747,Yes,"1a1, Direct HQ evidence",Sam Lambert,Pratyush Das,Yes,$#ENSG00000140262#GO:0001077#RNA polymerase II core promoter proximal region sequence-specific DNA binding transcription factor a#IDA - PMID:11802795$#ENSG00000140262#GO:0003700#sequence-specific DNA binding transcription factor activity#IDA - PMID:11802795,$#ENSP00000267811#ENSG00000140262#ENST00000267811#bHLH#$#ENSP00000331057#ENSG00000140262#ENST00000333725#bHLH#$#ENSP00000342459#ENSG00000140262#ENST00000343827#bHLH#$#ENSP00000440017#ENSG00000140262#ENST00000543579#bHLH#$#ENSP00000453737#ENSG00000140262#ENST00000557843#bHLH#$#ENSP00000444696#ENSG00000140262#ENST00000537840#bHLH#$#ENSP00000453876#ENSG00000140262#ENST00000559609#bHLH#$#ENSP00000453264#ENSG00000140262#ENST00000559710#bHLH#$#ENSP00000456280#ENSG00000140262#ENST00000560948#bHLH#$#ENSP00000454823#ENSG00000140262#ENST00000560836#bHLH#,False
143,ENSG00000125878,TCF15,bHLH,Yes,Inferred motif,Monomer or homomultimer,High-throughput in vitro,None,None,IPR011598;,6939,transcription factor 15 (basic helix-loop-helix) [Source:HGNC Symbol;Acc:HGNC:11627],None,DBD,Yes,None,None,a,Yes,TF Gene Candidate_DNA-Binding: non-sequence-specific_DNA Binding_PMIDS:7597044,Yes,"1a1, Direct HQ evidence",Tim Hughes,Laura Campitelli,Yes,"$#ENSG00000125878#GO:0003700#sequence-specific DNA binding transcription factor activity#TAS - PMID:8041747, PMID:8825648",$#ENSP00000246080#ENSG00000125878#ENST00000246080#bHLH#,False
144,ENSG00000118526,TCF21,bHLH,Yes,Known motif,Monomer or homomultimer,High-throughput in vitro,None,None,IPR011598;,6943,transcription factor 21 [Source:HGNC Symbol;Acc:HGNC:11632],None,DBD,Yes,None,None,a,Yes,No,Yes,"1a1, Direct HQ evidence",Laura Campitelli,Yimeng Yin,Yes,$#ENSG00000118526#GO:0001077#RNA polymerase II core promoter proximal region sequence-specific DNA binding transcription factor a#ISS - GO_REF:0000024$#ENSG00000118526#GO:0001078#RNA polymerase II core promoter proximal region sequence-specific DNA binding transcription factor a#IDA - PMID:12493738,$#ENSP00000237316#ENSG00000118526#ENST00000237316#bHLH#$#ENSP00000356857#ENSG00000118526#ENST00000367882#bHLH#,False
145,ENSG00000163792,TCF23,bHLH,Yes,Inferred motif,Monomer or homomultimer,High-throughput in vitro,None,"Basic region is very similar to TCF21, which binds DNA as a homodimer in HT-SELEX.",IPR011598;,150921,transcription factor 23 [Source:HGNC Symbol;Acc:HGNC:18602],None,DBD and Full,Yes,None,Taipale lab has an unpublished PWM; PMID:10652346 Suggests that similarly to ID-proteins it seems to lack the ability to bind DNA and presumably works as an inhibitor that sequesters TCF3,c,Yes,Indeterminate - There is no evidence for or against this genes role as a TF___PMIDS:0,No,"1a1, Direct HQ evidence",Sam Lambert,Yimeng Yin,Yes,None,$#ENSP00000296096#ENSG00000163792#ENST00000296096#bHLH#,False
146,ENSG00000261787,TCF24,bHLH,Yes,Inferred motif,Monomer or homomultimer,High-throughput in vitro,None,None,None,100129654,Transcription factor 24 [Source:HGNC Symbol;Acc:HGNC:32275] ,None,not tested,not tested,None,None,c,Yes,No,No,"4a, two or more datasets predict it as a TF",Pratyush Das,Sam Lambert,No,None,$#ENSP00000455444#ENSG00000261787#ENST00000563496#bHLH#,False
147,ENSG00000071564,TCF3,bHLH,Yes,Known motif,Monomer or homomultimer,High-throughput in vitro,None,None,IPR011598;,6929,transcription factor 3 [Source:HGNC Symbol;Acc:HGNC:11633],2QL2,DBD and Full,Yes,None,Structure is heterodimer NEUROD1 - TCF3,a,Yes,TF Gene_DNA-Binding: sequence-specific_DNA Binding; Transactivation_PMIDS:14627819,Yes,"1a1, Direct HQ evidence",Tim Hughes,Matt Weirauch,Yes,$#ENSG00000071564#GO:0001078#RNA polymerase II core promoter proximal region sequence-specific DNA binding transcription factor a#IDA - PMID:14576336$#ENSG00000071564#GO:0003700#sequence-specific DNA binding transcription factor activity#IDA - PMID:2105528 | NAS - PMID:2493990$#ENSG00000071564#GO:0051091#positive regulation of sequence-specific DNA binding transcription factor activity#IDA - PMID:14752053,$#ENSP00000262965#ENSG00000071564#ENST00000262965#bHLH#$#ENSP00000480564#ENSG00000071564#ENST00000611869#bHLH#$#ENSP00000465510#ENSG00000071564#ENST00000585731#bHLH#$#ENSP00000467508#ENSG00000071564#ENST00000587425#bHLH#$#ENSP00000468487#ENSG00000071564#ENST00000588136#bHLH#$#ENSP00000468481#ENSG00000071564#ENST00000593064#bHLH#$#ENSP00000466954#ENSG00000071564#ENST00000586318#bHLH#$#ENSP00000466565#ENSG00000071564#ENST00000590684#bHLH#,False
148,ENSG00000196628,TCF4,bHLH,Yes,Known motif,Monomer or homomultimer,High-throughput in vitro,None,None,IPR011598;,6925,transcription factor 4 [Source:HGNC Symbol;Acc:HGNC:11634],None,DBD and Full,Yes,None,None,a,Yes,TF Gene_DNA-Binding: sequence-specific_DNA Binding; TF PPI; Transactivation_PMIDS:8978694,Yes,"1a1, Direct HQ evidence",Sam Lambert,Pratyush Das,Yes,"$#ENSG00000196628#GO:0001011#sequence-specific DNA binding RNA polymerase recruiting transcription factor activity#ISS - PMID:8978694$#ENSG00000196628#GO:0001077#RNA polymerase II core promoter proximal region sequence-specific DNA binding transcription factor a#ISS - PMID:8978694$#ENSG00000196628#GO:0003700#sequence-specific DNA binding transcription factor activity#IDA - PMID:11802795, PMID:2105528",$#ENSP00000348374#ENSG00000196628#ENST00000356073#bHLH#$#ENSP00000381382#ENSG00000196628#ENST00000398339#bHLH#$#ENSP00000409447#ENSG00000196628#ENST00000457482#bHLH#$#ENSP00000439656#ENSG00000196628#ENST00000543082#bHLH#$#ENSP00000457765#ENSG00000196628#ENST00000561831#bHLH#$#ENSP00000455450#ENSG00000196628#ENST00000562543#bHLH#$#ENSP00000456802#ENSG00000196628#ENST00000562638#bHLH#$#ENSP00000455261#ENSG00000196628#ENST00000564228#bHLH#$#ENSP00000455418#ENSG00000196628#ENST00000566286#bHLH#$#ENSP00000454366#ENSG00000196628#ENST00000567880#bHLH#$#ENSP00000455763#ENSG00000196628#ENST00000570287#bHLH#$#ENSP00000440731#ENSG00000196628#ENST00000537578#bHLH#$#ENSP00000439827#ENSG00000196628#ENST00000537856#bHLH#$#ENSP00000445202#ENSG00000196628#ENST00000540999#bHLH#$#ENSP00000441562#ENSG00000196628#ENST00000544241#bHLH#$#ENSP00000455179#ENSG00000196628#ENST00000561992#bHLH#$#ENSP00000458122#ENSG00000196628#ENST00000568186#bHLH#$#ENSP00000468729#ENSG00000196628#ENST00000570146#bHLH#$#ENSP00000454647#ENSG00000196628#ENST00000570177#bHLH#$#ENSP00000487505#ENSG00000196628#ENST00000626631#bHLH#$#ENSP00000486974#ENSG00000196628#ENST00000630828#bHLH#$#ENSP00000454866#ENSG00000196628#ENST00000562847#bHLH#$#ENSP00000454584#ENSG00000196628#ENST00000565908#bHLH#$#ENSP00000456983#ENSG00000196628#ENST00000566514#bHLH#$#ENSP00000487419#ENSG00000196628#ENST00000630712#bHLH#$#ENSP00000490451#ENSG00000196628#ENST00000635822#bHLH#$#ENSP00000490006#ENSG00000196628#ENST00000636400#bHLH#$#ENSP00000490883#ENSG00000196628#ENST00000636822#bHLH#$#ENSP00000490832#ENSG00000196628#ENST00000637169#bHLH#$#ENSP00000490625#ENSG00000196628#ENST00000638154#bHLH#,False
149,ENSG00000101190,TCFL5,bHLH,Yes,Known motif,Monomer or homomultimer,High-throughput in vitro,None,None,IPR011598;,10732,transcription factor like 5 [Source:HGNC Symbol;Acc:HGNC:11646],None,DBD and Full,Yes,None,None,a,Yes,No,Yes,"1a1, Direct HQ evidence",Yimeng Yin,Sam Lambert,Yes,$#ENSG00000101190#GO:0003700#sequence-specific DNA binding transcription factor activity#TAS - PMID:9763657,$#ENSP00000217162#ENSG00000101190#ENST00000217162#bHLH#$#ENSP00000334294#ENSG00000101190#ENST00000335351#bHLH#,False
150,ENSG00000090447,TFAP4,bHLH,Yes,Known motif,Monomer or homomultimer,High-throughput in vitro,None,Also can form heterodimers (PMID: 26550823).,IPR011598;,7023,transcription factor AP-4 (activating enhancer binding protein 4) [Source:HGNC Symbol;Acc:HGNC:11745,None,DBD and Full,not tested,None,None,a,Yes,TF Gene Candidate_DNA-Binding: sequence-specific_DNA Binding_PMIDS:2123466;2833704,Yes,"1a1, Direct HQ evidence",Pratyush Das,Matt Weirauch,Yes,$#ENSG00000090447#GO:0001077#RNA polymerase II core promoter proximal region sequence-specific DNA binding transcription factor a#IEA - GO_REF:0000019$#ENSG00000090447#GO:0003705#RNA polymerase II distal enhancer sequence-specific DNA binding transcription factor activity#IDA - PMID:2833704,$#ENSP00000204517#ENSG00000090447#ENST00000204517#bHLH#$#ENSP00000459390#ENSG00000090447#ENST00000572393#bHLH#,False
151,ENSG00000068323,TFE3,bHLH,Yes,Known motif,Monomer or homomultimer,High-throughput in vitro,None,None,IPR011598;IPR021802,7030,transcription factor binding to IGHM enhancer 3 [Source:HGNC Symbol;Acc:HGNC:11752],None,DBD,not tested,None,None,a,Yes,TF Gene_DNA-Binding: sequence-specific_DNA Binding_PMIDS:10707962;15994295,Yes,"1a1, Direct HQ evidence",Tim Hughes,Arttu Jolma,Yes,$#ENSG00000068323#GO:0003700#sequence-specific DNA binding transcription factor activity#ISS - GO_REF:0000024,"$#ENSP00000314129#ENSG00000068323#ENST00000315869#bHLH#DUF3371, MITF_TFEB_C_3_N",False
152,ENSG00000112561,TFEB,bHLH,Yes,Known motif,Monomer or homomultimer,High-throughput in vitro,None,None,IPR011598;IPR021802,7942,transcription factor EB [Source:HGNC Symbol;Acc:HGNC:11753],None,DBD and Full,Yes,None,None,a,Yes,Indeterminate - There is no evidence for or against this genes role as a TF___PMIDS:0,Yes,"1a1, Direct HQ evidence",Sam Lambert,Arttu Jolma,Yes,$#ENSG00000112561#GO:0003700#sequence-specific DNA binding transcription factor activity#IDA - PMID:19556463 | NAS - PMID:2115126,"$#ENSP00000230323#ENSG00000112561#ENST00000230323#bHLH#DUF3371, MITF_TFEB_C_3_N$#ENSP00000351742#ENSG00000112561#ENST00000358871#bHLH#DUF3371, MITF_TFEB_C_3_N$#ENSP00000362124#ENSG00000112561#ENST00000373033#bHLH#DUF3371, MITF_TFEB_C_3_N$#ENSP00000383998#ENSG00000112561#ENST00000406563#bHLH#DUF3371$#ENSP00000396168#ENSG00000112561#ENST00000424495#bHLH#MITF_TFEB_C_3_N$#ENSP00000415035#ENSG00000112561#ENST00000425401#bHLH#MITF_TFEB_C_3_N$#ENSP00000415946#ENSG00000112561#ENST00000433032#bHLH#$#ENSP00000395208#ENSG00000112561#ENST00000445700#bHLH#$#ENSP00000343948#ENSG00000112561#ENST00000343317#bHLH#DUF3371, MITF_TFEB_C_3_N$#ENSP00000377824#ENSG00000112561#ENST00000394283#bHLH#MITF_TFEB_C_3_N$#ENSP00000400276#ENSG00000112561#ENST00000419574#bHLH#MITF_TFEB_C_3_N",False
153,ENSG00000105967,TFEC,bHLH,Yes,Known motif,Monomer or homomultimer,High-throughput in vitro,None,None,IPR011598;IPR021802,22797,transcription factor EC [Source:HGNC Symbol;Acc:HGNC:11754],None,DBD and Full,Yes,None,None,a,Yes,TF Gene Candidate_DNA-Binding: sequence-specific_DNA Binding; Transactivation_PMIDS:8336698,Yes,"1a1, Direct HQ evidence",Yimeng Yin,Arttu Jolma,Yes,$#ENSG00000105967#GO:0003700#sequence-specific DNA binding transcription factor activity#TAS - PMID:9256061,$#ENSP00000265440#ENSG00000105967#ENST00000265440#bHLH#DUF3371$#ENSP00000318676#ENSG00000105967#ENST00000320239#bHLH#DUF3371$#ENSP00000377125#ENSG00000105967#ENST00000393485#bHLH#$#ENSP00000417432#ENSG00000105967#ENST00000484212#bHLH#MITF_TFEB_C_3_N$#ENSP00000387650#ENSG00000105967#ENST00000457268#bHLH#DUF3371,False
154,ENSG00000122691,TWIST1,bHLH,Yes,Known motif,Monomer or homomultimer,In vivo/Misc source,Only known motifs are from Transfac or HocoMoco - origin is uncertain,Can form both homodimers and heterodimers with TCF3 (PMID: 16502419).,IPR011598;,7291,twist family bHLH transcription factor 1 [Source:HGNC Symbol;Acc:HGNC:12428],None,DBD,Yes,Obligate_Multimer,"PMID: 16502419, reported to be able to make both homo- or heterodimers with TCF3",a,Yes,TF Gene_DNA-Binding: sequence-specific_DNA Binding_PMIDS:12210745,Yes,"2a1, Lower confidence direct evidence",Jussi Taipale,Matt Weirauch,Yes,$#ENSG00000122691#GO:0000981#sequence-specific DNA binding RNA polymerase II transcription factor activity#IDA - PMID:17332325$#ENSG00000122691#GO:0043433#negative regulation of sequence-specific DNA binding transcription factor activity#IEA - GO_REF:0000019,$#ENSP00000242261#ENSG00000122691#ENST00000242261#bHLH#,False
155,ENSG00000233608,TWIST2,bHLH,Yes,Known motif,Monomer or homomultimer,100 perc ID - in vitro,None,None,IPR011598;,117581,twist family bHLH transcription factor 2 [Source:HGNC Symbol;Acc:HGNC:20670],None,not tested,Yes,None,TFs that are in CisBP but not in Vaquerizas set,No,Yes,TF Gene_Transcription Factor Binding: tf co-factor binding; DNA-Binding: sequence-specific_Other; TF PPI_PMIDS:11809751;14654692,No,"1a1, Direct HQ evidence",Yimeng Yin,Sam Lambert,Yes,None,$#ENSP00000405176#ENSG00000233608#ENST00000448943#bHLH#$#ENSP00000482581#ENSG00000233608#ENST00000612363#bHLH#,False
156,ENSG00000158773,USF1,bHLH,Yes,Known motif,Monomer or homomultimer,High-throughput in vitro,None,None,IPR011598;,7391,upstream transcription factor 1 [Source:HGNC Symbol;Acc:HGNC:12593],1AN4,DBD and Full,Yes,None,Structure is a homodimer,a,Yes,TF Gene_DNA-Binding: sequence-specific_DNA Binding; Transactivation_PMIDS:9677331,Yes,"1a1, Direct HQ evidence",Laura Campitelli,Arttu Jolma,Yes,"$#ENSG00000158773#GO:0003705#RNA polymerase II distal enhancer sequence-specific DNA binding transcription factor activity#IDA - PMID:2249772 | IMP - PMID:18234320, PMID:857",$#ENSP00000356999#ENSG00000158773#ENST00000368020#bHLH#$#ENSP00000357000#ENSG00000158773#ENST00000368021#bHLH#$#ENSP00000433041#ENSG00000158773#ENST00000528768#bHLH#,False
157,ENSG00000105698,USF2,bHLH,Yes,Known motif,Monomer or homomultimer,High-throughput in vitro,Has a putative AT-hook,None,IPR011598;,7392,"upstream transcription factor 2, c-fos interacting [Source:HGNC Symbol;Acc:HGNC:12594]",None,DBD and Full,Yes,None,None,a,Yes,TF Gene_DNA-Binding: sequence-specific_DNA Binding_PMIDS:15242350,Yes,"1a1, Direct HQ evidence",Matt Weirauch,Sam Lambert,Yes,"$#ENSG00000105698#GO:0003700#sequence-specific DNA binding transcription factor activity#TAS - PMID:1589769, PMID:8954795$#ENSG00000105698#GO:0003705#RNA polymerase II distal enhancer sequence-specific DNA binding transcription factor activity#IMP - PMID:8576131",$#ENSP00000222305#ENSG00000105698#ENST00000222305#bHLH#$#ENSP00000340633#ENSG00000105698#ENST00000343550#bHLH#$#ENSP00000368429#ENSG00000105698#ENST00000379134#bHLH#$#ENSP00000471511#ENSG00000105698#ENST00000594064#bHLH#$#ENSP00000469585#ENSG00000105698#ENST00000598058#bHLH#$#ENSP00000470081#ENSG00000105698#ENST00000599625#bHLH#$#ENSP00000471775#ENSG00000105698#ENST00000596380#bHLH#$#ENSP00000469364#ENSG00000105698#ENST00000599471#bHLH#,False
158,ENSG00000176542,USF3,bHLH,Yes,Likely to be sequence specific TF,Monomer or homomultimer,No motif,None,None,IPR011598;,205717,None,None,DBD,not tested,None,None,c,Yes,No,No,"4a, two or more datasets predict it as a TF",Pratyush Das,Sam Lambert,No,None,$#ENSP00000420752#ENSG00000176542#ENST00000491165#bHLH#$#ENSP00000320794#ENSG00000176542#ENST00000316407#bHLH#$#ENSP00000420721#ENSG00000176542#ENST00000478658#bHLH#,False
